id_municipio,ano,pib_per_capita,log_pib_per_capita
1100023,2009,13246.22,9.4915
1100023,2010,15410.52,9.6428
1100023,2011,18039.59,9.8003
1100023,2012,18368.7,9.8184
1100023,2013,17772.99,9.7854
1100023,2014,18681.04,9.8353
1100023,2015,19518.96,9.8791
1100023,2016,20627.28,9.9344
1100023,2017,21313.61,9.9671
1100023,2018,23215.13,10.0526
1100023,2019,23912.54,10.0822
1100049,2009,12525.95,9.4356
1100049,2010,15053.78,9.6194
1100049,2011,15945.29,9.6769
1100049,2012,17303.73,9.7587
1100049,2013,16692.34,9.7227
1100049,2014,19185.85,9.8619
1100049,2015,20572.74,9.9317
1100049,2016,22159.19,10.006
1100049,2017,23532.16,10.0661
1100049,2018,25654.56,10.1525
1100049,2019,26499.02,10.1849
1100106,2009,12784.06,9.456
1100106,2010,14466.65,9.5796
1100106,2011,17059.81,9.7445
1100106,2012,12230.98,9.4117
1100106,2013,13223.73,9.4898
1100106,2014,13985.11,9.5457
1100106,2015,14634.97,9.5912
1100106,2016,15736.1,9.6637
1100106,2017,16336.75,9.7012
1100106,2018,18291.92,9.8142
1100106,2019,19335.08,9.8697
1100114,2009,13385.37,9.5019
1100114,2010,15068.06,9.6203
1100114,2011,16607.04,9.7176
1100114,2012,19413.97,9.8737
1100114,2013,19253.36,9.8654
1100114,2014,20310.41,9.9189
1100114,2015,21672.2,9.9838
1100114,2016,23544.46,10.0666
1100114,2017,24247.52,10.0961
1100114,2018,28585.97,10.2607
1100114,2019,28988.03,10.2746
1100122,2009,14776.54,9.6008
1100122,2010,16248.57,9.6958
1100122,2011,17520.17,9.7711
1100122,2012,19634.94,9.8851
1100122,2013,18549.36,9.8282
1100122,2014,20513.81,9.9289
1100122,2015,21130.01,9.9584
1100122,2016,22695.16,10.0299
1100122,2017,23081.57,10.0468
1100122,2018,27104.15,10.2074
1100122,2019,29334.23,10.2865
1100205,2009,17872.09,9.791
1100205,2010,22219.08,10.0087
1100205,2011,25564.46,10.149
1100205,2012,27040.55,10.2051
1100205,2013,24123.51,10.0909
1100205,2014,25896.13,10.1618
1100205,2015,27787.98,10.2324
1100205,2016,28855.07,10.27
1100205,2017,32678.96,10.3945
1100205,2018,32059.05,10.3753
1100205,2019,33814.84,10.4287
1100288,2009,11307.11,9.3332
1100288,2010,12383.83,9.4241
1100288,2011,14858.94,9.6064
1100288,2012,16532.4,9.7131
1100288,2013,16729.39,9.7249
1100288,2014,18366.19,9.8183
1100288,2015,19245.4,9.865
1100288,2016,21136.72,9.9588
1100288,2017,22856.34,10.037
1100288,2018,23609.3,10.0694
1100288,2019,23272.08,10.055
1100304,2009,17819.65,9.7881
1100304,2010,19582.51,9.8824
1100304,2011,19136.96,9.8594
1100304,2012,22583.1,10.025
1100304,2013,22929.26,10.0402
1100304,2014,23660.79,10.0716
1100304,2015,23806.66,10.0777
1100304,2016,25834.34,10.1595
1100304,2017,26390.38,10.1808
1100304,2018,27922.37,10.2372
1100304,2019,28368.8,10.253
1302603,2009,24197.16,10.094
1302603,2010,28097.41,10.2434
1302603,2011,30303.38,10.319
1302603,2012,29837.1,10.3035
1302603,2013,32201.9,10.3798
1302603,2014,33370.72,10.4154
1302603,2015,32597.83,10.392
1302603,2016,33534.48,10.4203
1302603,2017,34373.88,10.4451
1302603,2018,36428.54,10.5031
1302603,2019,38742.66,10.5647
1500107,2009,3642.24,8.2004
1500107,2010,4131.53,8.3264
1500107,2011,4971.7,8.5115
1500107,2012,5526.11,8.6172
1500107,2013,6053.14,8.7083
1500107,2014,7097.05,8.8674
1500107,2015,7927.59,8.9781
1500107,2016,8205.14,9.0125
1500107,2017,8719.21,9.0733
1500107,2018,9044.08,9.1099
1500107,2019,9458.72,9.1547
1500602,2009,6994.3,8.8529
1500602,2010,8445.79,9.0414
1500602,2011,12787.7,9.4562
1500602,2012,21560.6,9.9786
1500602,2013,29437.24,10.29
1500602,2014,36984.97,10.5183
1500602,2015,29538.19,10.2934
1500602,2016,22713.51,10.0307
1500602,2017,22444.12,10.0188
1500602,2018,24063.7,10.0885
1500602,2019,24228.2,10.0953
1500800,2009,7002.42,8.854
1500800,2010,8338.51,9.0286
1500800,2011,9689.27,9.1788
1500800,2012,10571.16,9.2659
1500800,2013,9920.11,9.2023
1500800,2014,11550.96,9.3545
1500800,2015,12312.27,9.4184
1500800,2016,13152.6,9.4844
1500800,2017,13526.5,9.5124
1500800,2018,14314.02,9.569
1500800,2019,15385.55,9.6412
1501402,2009,12030.38,9.3952
1501402,2010,13241.77,9.4911
1501402,2011,15282.45,9.6345
1501402,2012,18690.76,9.8358
1501402,2013,19032.8,9.8539
1501402,2014,20021.36,9.9046
1501402,2015,20294.41,9.9181
1501402,2016,20377.62,9.9222
1501402,2017,20825.79,9.9439
1501402,2018,21187.72,9.9612
1501402,2019,21686.87,9.9845
1501709,2009,4047.2,8.3058
1501709,2010,4592.59,8.4322
1501709,2011,5343.29,8.5836
1501709,2012,6511.6,8.7813
1501709,2013,8243.92,9.0172
1501709,2014,7593.92,8.9351
1501709,2015,8039.27,8.9921
1501709,2016,8527.8,9.0511
1501709,2017,8986.85,9.1035
1501709,2018,8918.46,9.0959
1501709,2019,9104.59,9.1165
1501808,2009,3348.61,8.1163
1501808,2010,3728.97,8.2239
1501808,2011,4536.25,8.4199
1501808,2012,5307.34,8.5768
1501808,2013,5758.75,8.6585
1501808,2014,6384.95,8.7617
1501808,2015,6648.2,8.8021
1501808,2016,6776.51,8.8212
1501808,2017,7441.08,8.9148
1501808,2018,7983.08,8.9851
1501808,2019,7849.09,8.9682
1502202,2009,8041.13,8.9923
1502202,2010,9356.36,9.1438
1502202,2011,10461.46,9.2555
1502202,2012,10392.15,9.2488
1502202,2013,12649.47,9.4454
1502202,2014,13865.41,9.5372
1502202,2015,14443.76,9.578
1502202,2016,14759.4,9.5996
1502202,2017,14407.94,9.5755
1502202,2018,14972.18,9.6139
1502202,2019,16037.06,9.6827
1502400,2009,8981.99,9.103
1502400,2010,10301.31,9.24
1502400,2011,10901.51,9.2967
1502400,2012,13128.16,9.4825
1502400,2013,13252.32,9.4919
1502400,2014,14499.37,9.5819
1502400,2015,16899.58,9.735
1502400,2016,18723.87,9.8376
1502400,2017,19248.13,9.8652
1502400,2018,19726.04,9.8897
1502400,2019,20090.55,9.908
1503606,2009,5692.12,8.6468
1503606,2010,8034.57,8.9915
1503606,2011,9521.84,9.1613
1503606,2012,9495.39,9.1586
1503606,2013,11853.31,9.3804
1503606,2014,14562.86,9.5862
1503606,2015,16271.29,9.6972
1503606,2016,16222.85,9.6942
1503606,2017,17975.11,9.7967
1503606,2018,17946.23,9.7951
1503606,2019,20167.96,9.9119
1504208,2009,14853.48,9.606
1504208,2010,15658.53,9.6588
1504208,2011,16015.37,9.6813
1504208,2012,17121.27,9.7481
1504208,2013,22787.78,10.034
1504208,2014,24561.54,10.1089
1504208,2015,27875.46,10.2355
1504208,2016,28049.22,10.2417
1504208,2017,31662.53,10.3629
1504208,2018,31916.85,10.3709
1504208,2019,40832.03,10.6172
1505502,2009,10046.51,9.215
1505502,2010,14503.72,9.5822
1505502,2011,16947.4,9.7379
1505502,2012,16917.01,9.7361
1505502,2013,16853.96,9.7323
1505502,2014,19155.4,9.8603
1505502,2015,22374.84,10.0157
1505502,2016,24574.29,10.1095
1505502,2017,26815.86,10.1967
1505502,2018,23682.45,10.0725
1505502,2019,27690.03,10.2288
1506138,2009,10558.09,9.2646
1506138,2010,10482.34,9.2574
1506138,2011,11186.1,9.3224
1506138,2012,12467.97,9.4309
1506138,2013,13876.52,9.538
1506138,2014,16490.38,9.7105
1506138,2015,18167.95,9.8074
1506138,2016,20154.79,9.9112
1506138,2017,20624.04,9.9342
1506138,2018,21457.64,9.9738
1506138,2019,22009.42,9.9992
1507904,2009,3431.72,8.1408
1507904,2010,3801.24,8.2431
1507904,2011,4207.75,8.3447
1507904,2012,5876.05,8.6786
1507904,2013,5676.46,8.6441
1507904,2014,6091.21,8.7146
1507904,2015,6810.92,8.8263
1507904,2016,7345.07,8.9018
1507904,2017,7090.84,8.8666
1507904,2018,7467.26,8.9183
1507904,2019,7771.03,8.9582
1508100,2009,17979.48,9.797
1508100,2010,26328.75,10.1784
1508100,2011,28300.68,10.2506
1508100,2012,29038.21,10.2764
1508100,2013,35274.02,10.4709
1508100,2014,27986.65,10.2395
1508100,2015,41140.58,10.6248
1508100,2016,40006.92,10.5968
1508100,2017,58469.71,10.9763
1508100,2018,66711.15,11.1081
1508100,2019,46639.6,10.7502
1600279,2009,8119.16,9.002
1600279,2010,8544.47,9.053
1600279,2011,9699.29,9.1798
1600279,2012,11252.06,9.3283
1600279,2013,12361.7,9.4224
1600279,2014,12501.04,9.4336
1600279,2015,11638.02,9.362
1600279,2016,16963.16,9.7388
1600279,2017,17889.41,9.792
1600279,2018,18252.3,9.812
1600279,2019,19310.28,9.8684
1600303,2009,13842.1,9.5355
1600303,2010,14231.0,9.5632
1600303,2011,15224.98,9.6307
1600303,2012,17928.72,9.7942
1600303,2013,18934.7,9.8488
1600303,2014,19881.8,9.8976
1600303,2015,20006.48,9.9038
1600303,2016,20058.78,9.9064
1600303,2017,21057.29,9.955
1600303,2018,22180.61,10.007
1600303,2019,22694.98,10.0299
1702109,2009,14170.14,9.5589
1702109,2010,14511.03,9.5827
1702109,2011,13953.79,9.5435
1702109,2012,15592.07,9.6545
1702109,2013,17594.53,9.7753
1702109,2014,18174.35,9.8078
1702109,2015,20225.36,9.9147
1702109,2016,21947.13,9.9964
1702109,2017,23531.08,10.0661
1702109,2018,24580.15,10.1097
1702109,2019,26148.1,10.1715
1702208,2009,5289.19,8.5734
1702208,2010,6609.73,8.7963
1702208,2011,6373.05,8.7598
1702208,2012,7181.53,8.8793
1702208,2013,8538.3,9.0523
1702208,2014,8977.83,9.1025
1702208,2015,9590.02,9.1685
1702208,2016,10812.9,9.2885
1702208,2017,11096.63,9.3144
1702208,2018,12028.07,9.395
1702208,2019,12494.65,9.4331
1702406,2009,9698.43,9.1797
1702406,2010,10888.82,9.2955
1702406,2011,9656.65,9.1754
1702406,2012,11355.77,9.3375
1702406,2013,14536.88,9.5844
1702406,2014,12679.41,9.4477
1702406,2015,11979.59,9.391
1702406,2016,13306.27,9.496
1702406,2017,14885.99,9.6082
1702406,2018,17502.12,9.7701
1702406,2019,19790.29,9.8929
1702554,2009,5750.6,8.6571
1702554,2010,6426.06,8.7681
1702554,2011,7321.51,8.8986
1702554,2012,8395.1,9.0354
1702554,2013,9674.97,9.1773
1702554,2014,9877.43,9.198
1702554,2015,10832.42,9.2903
1702554,2016,12444.82,9.4291
1702554,2017,13046.49,9.4763
1702554,2018,13929.31,9.5418
1702554,2019,15239.25,9.6316
1705508,2009,8857.01,9.089
1705508,2010,10156.67,9.2259
1705508,2011,11241.63,9.3274
1705508,2012,12844.36,9.4607
1705508,2013,14273.17,9.5661
1705508,2014,14626.18,9.5906
1705508,2015,16986.2,9.7402
1705508,2016,18516.5,9.8264
1705508,2017,19754.07,9.8911
1705508,2018,20695.54,9.9377
1705508,2019,22550.08,10.0235
1707009,2009,9804.96,9.1906
1707009,2010,13584.64,9.5167
1707009,2011,14469.91,9.5798
1707009,2012,15567.24,9.6529
1707009,2013,15212.05,9.6298
1707009,2014,17602.73,9.7758
1707009,2015,11780.6,9.3742
1707009,2016,13171.97,9.4858
1707009,2017,14075.4,9.5522
1707009,2018,17788.19,9.7863
1707009,2019,20158.41,9.9114
1709302,2009,11047.09,9.3099
1709302,2010,12081.39,9.3994
1709302,2011,13760.63,9.5296
1709302,2012,14765.21,9.6
1709302,2013,16833.73,9.7311
1709302,2014,18565.76,9.8291
1709302,2015,22845.08,10.0365
1709302,2016,22177.96,10.0069
1709302,2017,23522.39,10.0657
1709302,2018,25283.76,10.1379
1709302,2019,26899.82,10.1999
1709500,2009,12695.81,9.449
1709500,2010,16240.48,9.6953
1709500,2011,16223.77,9.6942
1709500,2012,18698.29,9.8362
1709500,2013,19765.58,9.8917
1709500,2014,20080.44,9.9075
1709500,2015,22009.86,9.9992
1709500,2016,24028.49,10.087
1709500,2017,26149.87,10.1716
1709500,2018,25621.39,10.1512
1709500,2019,26858.46,10.1983
1713205,2009,21026.6,9.9535
1713205,2010,20526.06,9.9295
1713205,2011,20960.24,9.9504
1713205,2012,24330.02,10.0995
1713205,2013,20601.49,9.9331
1713205,2014,19779.97,9.8924
1713205,2015,25621.88,10.1512
1713205,2016,33387.59,10.4159
1713205,2017,27634.16,10.2268
1713205,2018,28298.45,10.2506
1713205,2019,33802.17,10.4283
1716109,2009,11403.97,9.3417
1716109,2010,13095.05,9.48
1716109,2011,14280.8,9.5667
1716109,2012,16744.25,9.7258
1716109,2013,17635.15,9.7776
1716109,2014,18636.82,9.8329
1716109,2015,20600.76,9.9331
1716109,2016,24564.68,10.1091
1716109,2017,24572.18,10.1094
1716109,2018,24144.99,10.0918
1716109,2019,27164.21,10.2097
1718204,2009,9605.56,9.1701
1718204,2010,11438.33,9.3447
1718204,2011,14144.24,9.5571
1718204,2012,17408.73,9.7647
1718204,2013,17930.16,9.7942
1718204,2014,21574.43,9.9793
1718204,2015,26293.24,10.1771
1718204,2016,29103.83,10.2786
1718204,2017,35050.33,10.4645
1718204,2018,31822.24,10.3679
1718204,2019,35271.93,10.4708
1721000,2009,16692.97,9.7227
1721000,2010,19355.37,9.8707
1721000,2011,18728.79,9.8378
1721000,2012,20187.26,9.9128
1721000,2013,22468.78,10.0199
1721000,2014,24841.75,10.1203
1721000,2015,27113.16,10.2078
1721000,2016,28945.92,10.2732
1721000,2017,29650.9,10.2972
1721000,2018,32311.8,10.3832
1721000,2019,34952.1,10.4617
1721208,2009,5553.29,8.6221
1721208,2010,6326.16,8.7524
1721208,2011,7210.24,8.8833
1721208,2012,7989.2,8.9858
1721208,2013,9094.32,9.1154
1721208,2014,9719.95,9.1819
1721208,2015,10483.64,9.2576
1721208,2016,11702.81,9.3676
1721208,2017,12982.01,9.4713
1721208,2018,12854.87,9.4615
1721208,2019,14240.93,9.5639
2100055,2009,10529.04,9.2619
2100055,2010,9807.32,9.1909
2100055,2011,10626.76,9.2711
2100055,2012,12210.73,9.4101
2100055,2013,14540.03,9.5847
2100055,2014,16367.43,9.703
2100055,2015,18373.16,9.8186
2100055,2016,18107.83,9.8041
2100055,2017,19784.06,9.8926
2100055,2018,23255.61,10.0543
2100055,2019,20939.52,9.9494
2101202,2009,6132.97,8.7214
2101202,2010,6097.89,8.7157
2101202,2011,6454.5,8.7725
2101202,2012,7446.45,8.9155
2101202,2013,8646.77,9.0649
2101202,2014,10377.46,9.2474
2101202,2015,9908.1,9.2011
2101202,2016,10959.32,9.3019
2101202,2017,10966.95,9.3026
2101202,2018,11571.97,9.3563
2101202,2019,11953.28,9.3888
2101400,2009,16888.47,9.7344
2101400,2010,17033.38,9.7429
2101400,2011,18034.08,9.8
2101400,2012,23928.97,10.0828
2101400,2013,28339.08,10.252
2101400,2014,32135.37,10.3777
2101400,2015,28518.92,10.2583
2101400,2016,25529.27,10.1476
2101400,2017,32137.37,10.3778
2101400,2018,37233.65,10.525
2101400,2019,36818.22,10.5137
2101608,2009,3840.33,8.2533
2101608,2010,3759.95,8.2322
2101608,2011,4570.9,8.4275
2101608,2012,5271.34,8.57
2101608,2013,5833.28,8.6713
2101608,2014,6743.08,8.8163
2101608,2015,6397.01,8.7636
2101608,2016,6954.33,8.8471
2101608,2017,7451.07,8.9161
2101608,2018,8226.8,9.0152
2101608,2019,8052.71,8.9938
2103000,2009,6809.63,8.8261
2103000,2010,6735.12,8.8151
2103000,2011,6955.91,8.8473
2103000,2012,7970.13,8.9835
2103000,2013,8311.44,9.0254
2103000,2014,8856.82,9.0889
2103000,2015,9008.73,9.1059
2103000,2016,10309.73,9.2408
2103000,2017,10506.45,9.2597
2103000,2018,11022.69,9.3077
2103000,2019,10983.59,9.3042
2103208,2009,4325.59,8.3723
2103208,2010,4572.63,8.4278
2103208,2011,5200.51,8.5565
2103208,2012,5478.06,8.6085
2103208,2013,6072.21,8.7115
2103208,2014,7281.62,8.8931
2103208,2015,7097.73,8.8675
2103208,2016,8379.95,9.0336
2103208,2017,8303.02,9.0244
2103208,2018,8975.18,9.1022
2103208,2019,9247.89,9.1322
2103307,2009,5046.23,8.5264
2103307,2010,5108.8,8.5387
2103307,2011,5453.24,8.604
2103307,2012,6359.9,8.7578
2103307,2013,6496.33,8.779
2103307,2014,7376.19,8.906
2103307,2015,7320.77,8.8985
2103307,2016,8507.88,9.0487
2103307,2017,7897.22,8.9743
2103307,2018,7843.35,8.9674
2103307,2019,8411.4,9.0373
2105302,2009,10698.65,9.2779
2105302,2010,12095.65,9.4006
2105302,2011,13111.0,9.4812
2105302,2012,17568.82,9.7739
2105302,2013,20167.7,9.9118
2105302,2014,22756.52,10.0326
2105302,2015,23746.58,10.0752
2105302,2016,27483.05,10.2213
2105302,2017,25963.18,10.1644
2105302,2018,27678.05,10.2284
2105302,2019,28800.28,10.2681
2105401,2009,4293.4,8.3648
2105401,2010,4775.24,8.4712
2105401,2011,5201.99,8.5568
2105401,2012,5795.23,8.6648
2105401,2013,6078.98,8.7126
2105401,2014,7060.61,8.8623
2105401,2015,7257.36,8.8898
2105401,2016,8218.74,9.0142
2105401,2017,8771.83,9.0793
2105401,2018,8319.09,9.0263
2105401,2019,8098.63,8.9995
2108207,2009,6759.11,8.8186
2108207,2010,7021.59,8.8567
2108207,2011,7342.04,8.9014
2108207,2012,7935.14,8.9791
2108207,2013,8741.62,9.0759
2108207,2014,10666.53,9.2749
2108207,2015,11079.81,9.3129
2108207,2016,12906.3,9.4655
2108207,2017,14661.59,9.593
2108207,2018,15302.49,9.6358
2108207,2019,14844.43,9.6054
2108603,2009,4756.32,8.4672
2108603,2010,5732.05,8.6538
2108603,2011,5485.28,8.6098
2108603,2012,6091.92,8.7147
2108603,2013,6974.65,8.85
2108603,2014,8264.17,9.0197
2108603,2015,8361.74,9.0314
2108603,2016,9719.73,9.1819
2108603,2017,10054.96,9.2158
2108603,2018,9946.05,9.2049
2108603,2019,10740.93,9.2818
2109106,2009,5611.75,8.6326
2109106,2010,6459.85,8.7734
2109106,2011,6393.02,8.763
2109106,2012,7257.09,8.8897
2109106,2013,8344.71,9.0294
2109106,2014,10087.24,9.219
2109106,2015,9696.02,9.1795
2109106,2016,11055.78,9.3107
2109106,2017,11663.18,9.3642
2109106,2018,12336.7,9.4203
2109106,2019,12235.59,9.4121
2109601,2009,4334.34,8.3743
2109601,2010,4000.33,8.2941
2109601,2011,4883.84,8.4937
2109601,2012,5509.72,8.6143
2109601,2013,5322.72,8.5797
2109601,2014,7036.03,8.8588
2109601,2015,6637.96,8.8006
2109601,2016,7298.51,8.8954
2109601,2017,7341.33,8.9013
2109601,2018,8415.28,9.0378
2109601,2019,8682.64,9.0691
2109908,2009,6881.11,8.8365
2109908,2010,8195.8,9.0114
2109908,2011,8883.04,9.0919
2109908,2012,9973.7,9.2077
2109908,2013,10804.59,9.2877
2109908,2014,12959.0,9.4695
2109908,2015,13725.01,9.527
2109908,2016,14603.76,9.589
2109908,2017,13968.64,9.5446
2109908,2018,14554.45,9.5857
2109908,2019,13970.42,9.5447
2111102,2009,4743.65,8.4646
2111102,2010,4724.49,8.4605
2111102,2011,5395.76,8.5934
2111102,2012,5984.63,8.6969
2111102,2013,7020.32,8.8566
2111102,2014,9095.03,9.1155
2111102,2015,8754.29,9.0773
2111102,2016,10067.55,9.2171
2111102,2017,10314.34,9.2413
2111102,2018,10309.63,9.2408
2111102,2019,10538.08,9.2628
2111300,2009,14818.48,9.6036
2111300,2010,17990.85,9.7976
2111300,2011,19420.27,9.8741
2111300,2012,21813.8,9.9903
2111300,2013,21950.81,9.9966
2111300,2014,25660.71,10.1527
2111300,2015,24954.17,10.1248
2111300,2016,26179.47,10.1727
2111300,2017,27335.53,10.2159
2111300,2018,30673.57,10.3312
2111300,2019,29134.14,10.2797
2112209,2009,5253.94,8.5667
2112209,2010,6343.67,8.7552
2112209,2011,6283.72,8.7457
2112209,2012,6709.56,8.8113
2112209,2013,7729.0,8.9527
2112209,2014,8538.43,9.0523
2112209,2015,8128.61,9.0031
2112209,2016,9637.11,9.1734
2112209,2017,10715.71,9.2795
2112209,2018,11079.91,9.3129
2112209,2019,11216.08,9.3251
2112803,2009,3527.72,8.1684
2112803,2010,3716.58,8.2206
2112803,2011,4105.35,8.32
2112803,2012,4767.42,8.4696
2112803,2013,5553.51,8.6222
2112803,2014,6407.02,8.7651
2112803,2015,6846.67,8.8315
2112803,2016,7832.05,8.966
2112803,2017,7885.91,8.9728
2112803,2018,7884.66,8.9727
2112803,2019,7739.17,8.954
2114007,2009,4213.14,8.346
2114007,2010,4589.01,8.4314
2114007,2011,5400.85,8.5943
2114007,2012,6042.83,8.7066
2114007,2013,6863.77,8.834
2114007,2014,7542.62,8.9283
2114007,2015,6974.78,8.8501
2114007,2016,7503.58,8.9231
2114007,2017,7560.21,8.9307
2114007,2018,8417.92,9.0381
2114007,2019,8546.58,9.0533
2211001,2009,10831.63,9.2902
2211001,2010,13081.04,9.4789
2211001,2011,14803.97,9.6027
2211001,2012,16076.89,9.6851
2211001,2013,17638.29,9.7778
2211001,2014,21145.17,9.9592
2211001,2015,20891.09,9.9471
2211001,2016,22611.39,10.0262
2211001,2017,22486.1,10.0207
2211001,2018,24340.67,10.0999
2211001,2019,25446.74,10.1443
2303709,2009,6883.5,8.8369
2303709,2010,8546.36,9.0533
2303709,2011,9922.96,9.2026
2303709,2012,11466.59,9.3472
2303709,2013,13772.42,9.5304
2303709,2014,15971.6,9.6786
2303709,2015,16226.3,9.6944
2303709,2016,15199.17,9.629
2303709,2017,16184.83,9.6918
2303709,2018,13927.93,9.5417
2303709,2019,19136.37,9.8593
2304202,2009,7003.86,8.8542
2304202,2010,8229.72,9.0155
2304202,2011,8263.47,9.0196
2304202,2012,8815.82,9.0843
2304202,2013,9326.14,9.1406
2304202,2014,11120.02,9.3165
2304202,2015,11034.22,9.3088
2304202,2016,11667.87,9.3646
2304202,2017,11774.33,9.3737
2304202,2018,10487.83,9.258
2304202,2019,13317.18,9.4968
2304400,2009,12795.21,9.4568
2304400,2010,14853.79,9.606
2304400,2011,16714.34,9.724
2304400,2012,18308.75,9.8151
2304400,2013,19499.43,9.8781
2304400,2014,21819.17,9.9905
2304400,2015,22079.14,10.0024
2304400,2016,23024.73,10.0443
2304400,2017,23441.59,10.0623
2304400,2018,25113.54,10.1312
2304400,2019,25250.2,10.1366
2305407,2009,3831.2,8.2509
2305407,2010,4600.61,8.4339
2305407,2011,5163.29,8.5493
2305407,2012,5661.75,8.6415
2305407,2013,6222.31,8.7359
2305407,2014,7356.79,8.9034
2305407,2015,8377.36,9.0333
2305407,2016,7995.35,8.9866
2305407,2017,8289.96,9.0228
2305407,2018,8300.39,9.0241
2305407,2019,9016.79,9.1068
2305506,2009,6644.54,8.8016
2305506,2010,9093.26,9.1153
2305506,2011,9971.66,9.2075
2305506,2012,11084.87,9.3133
2305506,2013,11796.89,9.3756
2305506,2014,14380.1,9.5736
2305506,2015,13416.34,9.5042
2305506,2016,13943.89,9.5428
2305506,2017,14639.03,9.5914
2305506,2018,15668.75,9.6594
2305506,2019,16659.65,9.7207
2307304,2009,6602.92,8.7953
2307304,2010,8559.63,9.0548
2307304,2011,9790.75,9.1892
2307304,2012,11069.11,9.3119
2307304,2013,12371.15,9.4231
2307304,2014,14482.46,9.5807
2307304,2015,14741.7,9.5984
2307304,2016,15597.46,9.6549
2307304,2017,16378.3,9.7037
2307304,2018,17710.46,9.7819
2307304,2019,17756.6,9.7845
2307650,2009,18357.55,9.8178
2307650,2010,21792.86,9.9893
2307650,2011,23694.59,10.073
2307650,2012,24935.03,10.124
2307650,2013,28868.69,10.2705
2307650,2014,31988.25,10.3731
2307650,2015,35647.73,10.4814
2307650,2016,36295.53,10.4994
2307650,2017,37989.59,10.5451
2307650,2018,45685.69,10.7295
2307650,2019,42770.88,10.6636
2309706,2009,6921.46,8.8424
2309706,2010,8120.05,9.0021
2309706,2011,8585.32,9.0578
2309706,2012,9189.77,9.1258
2309706,2013,10325.3,9.2424
2309706,2014,12297.99,9.4172
2309706,2015,11692.39,9.3667
2309706,2016,11638.22,9.362
2309706,2017,12507.44,9.4341
2309706,2018,13975.07,9.545
2309706,2019,12280.02,9.4157
2311306,2009,5785.87,8.6632
2311306,2010,7119.98,8.8707
2311306,2011,7684.72,8.947
2311306,2012,8288.07,9.0226
2311306,2013,8727.94,9.0743
2311306,2014,9699.58,9.1798
2311306,2015,10475.99,9.2568
2311306,2016,11301.39,9.3327
2311306,2017,10823.87,9.2895
2311306,2018,11979.89,9.391
2311306,2019,11465.94,9.3471
2312908,2009,11516.21,9.3515
2312908,2010,13687.49,9.5242
2312908,2011,14005.62,9.5472
2312908,2012,15471.01,9.6467
2312908,2013,17297.84,9.7583
2312908,2014,19176.22,9.8614
2312908,2015,19700.4,9.8884
2312908,2016,20344.58,9.9206
2312908,2017,21683.85,9.9843
2312908,2018,23033.6,10.0447
2312908,2019,21946.78,9.9964
2402006,2009,7586.07,8.9341
2402006,2010,8528.75,9.0512
2402006,2011,10606.29,9.2692
2402006,2012,12549.28,9.4374
2402006,2013,13341.15,9.4986
2402006,2014,13963.65,9.5442
2402006,2015,14600.14,9.5888
2402006,2016,15653.93,9.6585
2402006,2017,16786.86,9.7284
2402006,2018,17339.36,9.7607
2402006,2019,18617.97,9.8319
2403251,2009,11770.75,9.3734
2403251,2010,14233.03,9.5633
2403251,2011,14232.61,9.5633
2403251,2012,16415.27,9.706
2403251,2013,18032.56,9.7999
2403251,2014,18574.24,9.8295
2403251,2015,19092.34,9.857
2403251,2016,20958.79,9.9503
2403251,2017,19723.0,9.8895
2403251,2018,20761.64,9.9409
2403251,2019,21477.1,9.9747
2408102,2009,14523.08,9.5835
2408102,2010,15979.1,9.679
2408102,2011,18133.12,9.8055
2408102,2012,20233.41,9.9151
2408102,2013,21623.72,9.9815
2408102,2014,22157.34,10.0059
2408102,2015,23669.22,10.0719
2408102,2016,24908.28,10.123
2408102,2017,26501.57,10.185
2408102,2018,26630.9,10.1898
2408102,2019,27303.22,10.2148
2503704,2009,8368.92,9.0323
2503704,2010,9348.25,9.1429
2503704,2011,10453.45,9.2547
2503704,2012,11643.9,9.3625
2503704,2013,12709.35,9.4501
2503704,2014,14823.01,9.6039
2503704,2015,15448.63,9.6453
2503704,2016,16812.22,9.7299
2503704,2017,17626.4,9.7772
2503704,2018,17227.27,9.7542
2503704,2019,18196.54,9.809
2506301,2009,7807.31,8.9628
2506301,2010,8657.22,9.0661
2506301,2011,9776.85,9.1878
2506301,2012,11012.95,9.3068
2506301,2013,11038.15,9.3091
2506301,2014,13646.63,9.5212
2506301,2015,14605.36,9.5891
2506301,2016,16044.88,9.6831
2506301,2017,16089.32,9.6859
2506301,2018,16398.84,9.705
2506301,2019,18469.77,9.8239
2507507,2009,13716.16,9.5263
2507507,2010,15109.42,9.6231
2507507,2011,16252.27,9.696
2507507,2012,18872.2,9.8454
2507507,2013,19493.86,9.8779
2507507,2014,22350.05,10.0146
2507507,2015,23087.77,10.0471
2507507,2016,23374.86,10.0594
2507507,2017,24323.27,10.0992
2507507,2018,24752.78,10.1167
2507507,2019,25767.15,10.1569
2510808,2009,7653.37,8.9429
2510808,2010,8223.47,9.0147
2510808,2011,8873.36,9.0908
2510808,2012,10201.58,9.2303
2510808,2013,11034.25,9.3088
2510808,2014,12673.97,9.4473
2510808,2015,13735.08,9.5277
2510808,2016,14442.44,9.5779
2510808,2017,15884.37,9.6731
2510808,2018,16025.32,9.6819
2510808,2019,17788.29,9.7863
2602902,2009,19939.97,9.9005
2602902,2010,24658.33,10.1129
2602902,2011,29483.49,10.2916
2602902,2012,33079.62,10.4067
2602902,2013,38349.58,10.5545
2602902,2014,39760.84,10.5906
2602902,2015,40280.32,10.6036
2602902,2016,42720.6,10.6624
2602902,2017,49015.66,10.7999
2602902,2018,47568.88,10.7699
2602902,2019,51157.41,10.8427
2604106,2009,9121.55,9.1184
2604106,2010,11058.04,9.3109
2604106,2011,12326.44,9.4195
2604106,2012,14840.16,9.6051
2604106,2013,15709.91,9.662
2604106,2014,18295.44,9.8144
2604106,2015,17658.5,9.779
2604106,2016,17804.19,9.7872
2604106,2017,19303.39,9.868
2604106,2018,20029.3,9.905
2604106,2019,22048.23,10.001
2606002,2009,7511.64,8.9242
2606002,2010,9182.87,9.1251
2606002,2011,10485.45,9.2577
2606002,2012,12065.08,9.3981
2606002,2013,13310.8,9.4963
2606002,2014,13708.25,9.5258
2606002,2015,14517.09,9.5831
2606002,2016,15170.7,9.6271
2606002,2017,16893.99,9.7347
2606002,2018,17566.9,9.7738
2606002,2019,19819.09,9.8944
2610707,2009,5835.47,8.6717
2610707,2010,6922.88,8.8426
2610707,2011,8976.1,9.1023
2610707,2012,11279.73,9.3308
2610707,2013,11910.28,9.3852
2610707,2014,13081.01,9.4789
2610707,2015,12399.16,9.4254
2610707,2016,11682.79,9.3659
2610707,2017,12238.73,9.4124
2610707,2018,12731.4,9.4518
2610707,2019,15279.74,9.6343
2611101,2009,9447.4,9.1535
2611101,2010,11809.26,9.3766
2611101,2011,12614.43,9.4426
2611101,2012,14544.86,9.585
2611101,2013,15263.81,9.6332
2611101,2014,16336.29,9.7011
2611101,2015,16719.99,9.7244
2611101,2016,17071.1,9.7451
2611101,2017,17448.97,9.767
2611101,2018,19443.88,9.8753
2611101,2019,20442.97,9.9254
2614501,2009,4821.5,8.4808
2614501,2010,6872.18,8.8352
2614501,2011,7483.55,8.9205
2614501,2012,9015.06,9.1067
2614501,2013,9642.08,9.1739
2614501,2014,10592.53,9.2679
2614501,2015,10366.57,9.2463
2614501,2016,10962.14,9.3022
2614501,2017,11986.72,9.3916
2614501,2018,11683.62,9.3659
2614501,2019,12365.04,9.4226
2616407,2009,8491.64,9.0468
2616407,2010,11362.69,9.3381
2616407,2011,13665.74,9.5226
2616407,2012,17087.5,9.7461
2616407,2013,19296.56,9.8677
2616407,2014,21872.86,9.993
2616407,2015,22758.48,10.0327
2616407,2016,23466.04,10.0633
2616407,2017,26831.43,10.1973
2616407,2018,26962.04,10.2022
2616407,2019,26874.4,10.1989
2700300,2009,7731.77,8.9531
2700300,2010,8948.68,9.0993
2700300,2011,10122.59,9.2225
2700300,2012,12785.65,9.4561
2700300,2013,13062.82,9.4775
2700300,2014,14985.75,9.6149
2700300,2015,17034.15,9.743
2700300,2016,16730.75,9.725
2700300,2017,17525.3,9.7714
2700300,2018,19385.29,9.8723
2700300,2019,21423.02,9.9722
2704302,2009,11299.28,9.3325
2704302,2010,13163.4,9.4852
2704302,2011,14929.45,9.6111
2704302,2012,16223.29,9.6942
2704302,2013,16510.67,9.7118
2704302,2014,18170.08,9.8075
2704302,2015,20409.05,9.9237
2704302,2016,20852.58,9.9452
2704302,2017,21223.64,9.9629
2704302,2018,22123.34,10.0044
2704302,2019,22932.51,10.0403
2800308,2009,14145.91,9.5572
2800308,2010,17094.92,9.7465
2800308,2011,18664.29,9.8344
2800308,2012,21388.73,9.9706
2800308,2013,22902.24,10.039
2800308,2014,23887.75,10.0811
2800308,2015,25081.61,10.1299
2800308,2016,25825.55,10.1591
2800308,2017,25190.44,10.1342
2800308,2018,26779.42,10.1954
2800308,2019,26680.37,10.1917
2802908,2009,8005.03,8.9878
2802908,2010,9988.07,9.2091
2802908,2011,11357.51,9.3376
2802908,2012,12809.76,9.458
2802908,2013,13846.59,9.5358
2802908,2014,15456.54,9.6458
2802908,2015,16067.01,9.6845
2802908,2016,17245.27,9.7553
2802908,2017,18964.28,9.8503
2802908,2018,18937.34,9.8489
2802908,2019,21027.82,9.9536
2803500,2009,7341.61,8.9013
2803500,2010,8019.35,8.9896
2803500,2011,8583.75,9.0576
2803500,2012,9750.92,9.1851
2803500,2013,11846.88,9.3798
2803500,2014,12183.82,9.4079
2803500,2015,12654.64,9.4458
2803500,2016,13303.77,9.4958
2803500,2017,14460.98,9.5792
2803500,2018,14189.04,9.5602
2803500,2019,15702.28,9.6616
2804805,2009,9644.48,9.1741
2804805,2010,12418.27,9.4269
2804805,2011,12951.48,9.469
2804805,2012,13524.0,9.5122
2804805,2013,14089.98,9.5532
2804805,2014,14622.35,9.5903
2804805,2015,13365.45,9.5004
2804805,2016,13604.2,9.5181
2804805,2017,14279.15,9.5666
2804805,2018,14141.28,9.5569
2804805,2019,14865.05,9.6068
2900702,2009,11080.1,9.3129
2900702,2010,13064.84,9.4777
2900702,2011,14383.66,9.5738
2900702,2012,16474.77,9.7096
2900702,2013,17428.92,9.7659
2900702,2014,17956.54,9.7957
2900702,2015,17721.13,9.7825
2900702,2016,20415.14,9.924
2900702,2017,22470.15,10.0199
2900702,2018,26274.28,10.1763
2900702,2019,28689.58,10.2643
2903201,2009,13026.1,9.4747
2903201,2010,13868.4,9.5374
2903201,2011,16431.93,9.707
2903201,2012,19962.79,9.9016
2903201,2013,19143.5,9.8597
2903201,2014,21928.7,9.9956
2903201,2015,24158.0,10.0924
2903201,2016,21727.29,9.9863
2903201,2017,24714.71,10.1152
2903201,2018,30844.5,10.3367
2903201,2019,32522.23,10.3897
2906501,2009,22721.1,10.031
2906501,2010,26513.51,10.1854
2906501,2011,29230.62,10.283
2906501,2012,31524.77,10.3585
2906501,2013,29539.85,10.2935
2906501,2014,34950.5,10.4617
2906501,2015,38156.69,10.5495
2906501,2016,38617.24,10.5615
2906501,2017,42898.37,10.6666
2906501,2018,50364.39,10.827
2906501,2019,48436.68,10.788
2910800,2009,10969.71,9.3029
2910800,2010,12441.66,9.4288
2910800,2011,14702.19,9.5958
2910800,2012,16103.89,9.6868
2910800,2013,18065.01,9.8017
2910800,2014,19162.03,9.8607
2910800,2015,19371.26,9.8715
2910800,2016,21047.28,9.9545
2910800,2017,21819.42,9.9906
2910800,2018,24077.64,10.089
2910800,2019,24259.45,10.0966
2913606,2009,9428.99,9.1515
2913606,2010,12675.39,9.4474
2913606,2011,14164.65,9.5585
2913606,2012,15434.4,9.6444
2913606,2013,17438.39,9.7664
2913606,2014,19262.3,9.8659
2913606,2015,20206.68,9.9138
2913606,2016,21770.64,9.9883
2913606,2017,21759.31,9.9878
2913606,2018,25840.53,10.1597
2913606,2019,26756.97,10.1946
2914802,2009,9864.61,9.1967
2914802,2010,11670.84,9.3648
2914802,2011,13324.39,9.4974
2914802,2012,14525.62,9.5837
2914802,2013,15817.32,9.6689
2914802,2014,16744.07,9.7258
2914802,2015,17447.17,9.7669
2914802,2016,17536.39,9.772
2914802,2017,18038.32,9.8003
2914802,2018,19188.26,9.8621
2914802,2019,19624.94,9.8846
2918407,2009,6510.46,8.7812
2918407,2010,8113.14,9.0012
2918407,2011,9457.77,9.1546
2918407,2012,10663.45,9.2746
2918407,2013,12215.89,9.4105
2918407,2014,13904.29,9.54
2918407,2015,14360.75,9.5723
2918407,2016,15595.35,9.6547
2918407,2017,16704.84,9.7235
2918407,2018,19032.85,9.8539
2918407,2019,20229.31,9.9149
2924009,2009,14375.84,9.5733
2924009,2010,19666.34,9.8867
2924009,2011,18979.97,9.8511
2924009,2012,22556.12,10.0238
2924009,2013,12266.58,9.4146
2924009,2014,13409.62,9.5037
2924009,2015,18667.2,9.8345
2924009,2016,18912.92,9.8476
2924009,2017,23955.69,10.084
2924009,2018,29721.79,10.2996
2924009,2019,31400.73,10.3546
2925303,2009,8580.3,9.0572
2925303,2010,9366.93,9.1449
2925303,2011,10830.93,9.2902
2925303,2012,11507.28,9.3507
2925303,2013,12991.0,9.472
2925303,2014,14502.12,9.5821
2925303,2015,15745.65,9.6643
2925303,2016,17306.77,9.7589
2925303,2017,18926.88,9.8483
2925303,2018,21313.05,9.9671
2925303,2019,22647.47,10.0278
2928604,2009,6388.19,8.7622
2928604,2010,7547.15,8.9289
2928604,2011,8301.88,9.0242
2928604,2012,8929.96,9.0972
2928604,2013,9526.83,9.1619
2928604,2014,10514.87,9.2605
2928604,2015,11190.2,9.3228
2928604,2016,12224.22,9.4112
2928604,2017,12634.8,9.4442
2928604,2018,13625.92,9.5197
2928604,2019,13889.11,9.5389
2931350,2009,8784.29,9.0807
2931350,2010,9791.28,9.1892
2931350,2011,10002.92,9.2106
2931350,2012,10573.45,9.2661
2931350,2013,11584.24,9.3574
2931350,2014,12460.61,9.4303
2931350,2015,13477.64,9.5088
2931350,2016,14156.53,9.5579
2931350,2017,14349.72,9.5715
2931350,2018,16311.41,9.6996
2931350,2019,16382.96,9.704
2933307,2009,9705.58,9.1805
2933307,2010,11149.94,9.3192
2933307,2011,12696.62,9.4491
2933307,2012,13787.66,9.5315
2933307,2013,14817.7,9.6036
2933307,2014,15829.01,9.6696
2933307,2015,16782.13,9.7281
2933307,2016,17994.43,9.7978
2933307,2017,18673.12,9.8348
2933307,2018,20761.73,9.9409
2933307,2019,21459.84,9.9739
3106705,2009,46741.21,10.7524
3106705,2010,56668.72,10.945
3106705,2011,56927.57,10.9495
3106705,2012,55678.87,10.9274
3106705,2013,54140.46,10.8993
3106705,2014,54130.7,10.8992
3106705,2015,57282.71,10.9558
3106705,2016,59561.98,10.9948
3106705,2017,54061.05,10.8979
3106705,2018,58894.16,10.9835
3106705,2019,63804.4,11.0636
3118601,2009,25881.64,10.1613
3118601,2010,31022.63,10.3425
3118601,2011,33219.02,10.4109
3118601,2012,36780.63,10.5127
3118601,2013,38181.58,10.5501
3118601,2014,41085.68,10.6234
3118601,2015,40119.7,10.5996
3118601,2016,40517.84,10.6095
3118601,2017,44026.82,10.6926
3118601,2018,42211.68,10.6505
3118601,2019,45863.71,10.7334
3129806,2009,7881.33,8.9723
3129806,2010,8838.65,9.0869
3129806,2011,9282.99,9.1359
3129806,2012,9494.97,9.1585
3129806,2013,9814.84,9.1917
3129806,2014,10879.82,9.2947
3129806,2015,11153.5,9.3195
3129806,2016,11365.23,9.3383
3129806,2017,12229.45,9.4116
3129806,2018,12611.35,9.4424
3129806,2019,14088.73,9.5531
3144805,2009,29476.43,10.2913
3144805,2010,67756.34,11.1237
3144805,2011,84958.73,11.3499
3144805,2012,94879.48,11.4604
3144805,2013,109443.13,11.6032
3144805,2014,103257.52,11.545
3144805,2015,81073.53,11.3031
3144805,2016,86179.55,11.3642
3144805,2017,98907.99,11.5019
3144805,2018,111645.53,11.6231
3144805,2019,125012.12,11.7362
3154606,2009,4412.74,8.3923
3154606,2010,5342.38,8.5834
3154606,2011,6725.48,8.8137
3154606,2012,8291.9,9.023
3154606,2013,9103.18,9.1164
3154606,2014,10333.57,9.2432
3154606,2015,10754.25,9.2831
3154606,2016,11108.71,9.3155
3154606,2017,11726.77,9.3696
3154606,2018,12440.3,9.4287
3154606,2019,12982.73,9.4714
3156700,2009,8081.39,8.9973
3156700,2010,10713.18,9.2792
3156700,2011,12284.52,9.4161
3156700,2012,13686.86,9.5242
3156700,2013,15180.46,9.6278
3156700,2014,15955.51,9.6776
3156700,2015,16366.19,9.703
3156700,2016,17178.7,9.7514
3156700,2017,18569.8,9.8293
3156700,2018,21582.17,9.9796
3156700,2019,22458.6,10.0194
3157807,2009,7827.7,8.9654
3157807,2010,10234.82,9.2336
3157807,2011,11878.5,9.3825
3157807,2012,12910.11,9.4658
3157807,2013,14814.38,9.6034
3157807,2014,15083.56,9.6214
3157807,2015,15004.28,9.6161
3157807,2016,15180.67,9.6278
3157807,2017,17291.46,9.758
3157807,2018,18266.03,9.8128
3157807,2019,18860.98,9.8449
3170206,2009,23019.21,10.0441
3170206,2010,30412.21,10.3226
3170206,2011,31954.7,10.3721
3170206,2012,36861.91,10.5149
3170206,2013,39770.62,10.5909
3170206,2014,43366.06,10.6774
3170206,2015,44495.75,10.7031
3170206,2016,48611.02,10.7916
3170206,2017,50562.6,10.831
3170206,2018,54904.9,10.9134
3170206,2019,54445.93,10.905
3171204,2009,13055.7,9.477
3171204,2010,14972.88,9.614
3171204,2011,19761.35,9.8915
3171204,2012,21538.55,9.9776
3171204,2013,20567.09,9.9314
3171204,2014,22815.13,10.0352
3171204,2015,26106.55,10.1699
3171204,2016,23398.82,10.0604
3171204,2017,21203.38,9.9619
3171204,2018,19394.07,9.8727
3171204,2019,19657.2,9.8862
3200607,2009,47640.3,10.7714
3200607,2010,52484.23,10.8683
3200607,2011,63662.75,11.0614
3200607,2012,59452.69,10.9929
3200607,2013,56933.56,10.9496
3200607,2014,53489.23,10.8872
3200607,2015,55918.26,10.9316
3200607,2016,47647.23,10.7716
3200607,2017,52871.71,10.8756
3200607,2018,54321.71,10.9027
3200607,2019,51484.63,10.849
3201209,2009,14281.24,9.5667
3201209,2010,16308.45,9.6994
3201209,2011,18211.89,9.8098
3201209,2012,20971.75,9.9509
3201209,2013,20659.56,9.9359
3201209,2014,23889.08,10.0812
3201209,2015,22976.49,10.0422
3201209,2016,22930.73,10.0402
3201209,2017,22478.2,10.0203
3201209,2018,23331.02,10.0575
3201209,2019,23544.0,10.0666
3201308,2009,11955.64,9.389
3201308,2010,14546.75,9.5851
3201308,2011,17772.83,9.7854
3201308,2012,19515.91,9.879
3201308,2013,18358.22,9.8178
3201308,2014,22500.18,10.0213
3201308,2015,21198.35,9.9617
3201308,2016,19241.42,9.8648
3201308,2017,20659.68,9.9359
3201308,2018,24839.57,10.1202
3201308,2019,26129.3,10.1708
3201506,2009,15348.39,9.6388
3201506,2010,16823.16,9.7305
3201506,2011,19302.54,9.868
3201506,2012,22497.27,10.0211
3201506,2013,20940.65,9.9494
3201506,2014,24579.27,10.1097
3201506,2015,26007.09,10.1661
3201506,2016,26243.22,10.1752
3201506,2017,26766.38,10.1949
3201506,2018,28594.09,10.261
3201506,2019,29116.7,10.2791
3202405,2009,10938.97,9.3001
3202405,2010,12143.52,9.4046
3202405,2011,13162.07,9.4851
3202405,2012,15238.56,9.6316
3202405,2013,15524.27,9.6502
3202405,2014,16108.05,9.6871
3202405,2015,17070.83,9.7451
3202405,2016,17124.8,9.7483
3202405,2017,17545.95,9.7726
3202405,2018,17563.49,9.7736
3202405,2019,18971.24,9.8507
3203205,2009,20481.05,9.9273
3203205,2010,23717.94,10.074
3203205,2011,31129.18,10.3459
3203205,2012,34889.2,10.4599
3203205,2013,32958.32,10.403
3203205,2014,32898.77,10.4012
3203205,2015,32026.91,10.3743
3203205,2016,31700.08,10.3641
3203205,2017,32425.35,10.3867
3203205,2018,37473.18,10.5314
3203205,2019,34954.89,10.4618
3203908,2009,9820.45,9.1922
3203908,2010,12000.24,9.3927
3203908,2011,13588.61,9.517
3203908,2012,15273.09,9.6338
3203908,2013,15066.66,9.6202
3203908,2014,17700.01,9.7813
3203908,2015,19722.07,9.8895
3203908,2016,18997.55,9.8521
3203908,2017,18250.16,9.8119
3203908,2018,18821.37,9.8427
3203908,2019,20659.21,9.9359
3204906,2009,10946.56,9.3008
3204906,2010,11963.05,9.3896
3204906,2011,12970.23,9.4704
3204906,2012,15335.15,9.6379
3204906,2013,14758.67,9.5996
3204906,2014,16128.4,9.6883
3204906,2015,17058.82,9.7444
3204906,2016,15981.98,9.6792
3204906,2017,16441.49,9.7076
3204906,2018,17802.33,9.7871
3204906,2019,18321.97,9.8159
3205002,2009,27414.41,10.2188
3205002,2010,31797.06,10.3671
3205002,2011,33985.39,10.4337
3205002,2012,35432.49,10.4754
3205002,2013,33087.97,10.4069
3205002,2014,36824.41,10.5139
3205002,2015,36648.34,10.5091
3205002,2016,37099.68,10.5214
3205002,2017,36996.76,10.5186
3205002,2018,49302.31,10.8057
3205002,2019,46996.45,10.7578
3205069,2009,12950.37,9.4689
3205069,2010,15876.34,9.6726
3205069,2011,17295.92,9.7582
3205069,2012,18800.23,9.8416
3205069,2013,18880.78,9.8459
3205069,2014,19980.31,9.9025
3205069,2015,21197.23,9.9616
3205069,2016,22437.82,10.0185
3205069,2017,23540.26,10.0665
3205069,2018,24157.94,10.0924
3205069,2019,23754.44,10.0755
3205101,2009,14445.74,9.5782
3205101,2010,13378.06,9.5014
3205101,2011,16265.62,9.6968
3205101,2012,19721.28,9.8895
3205101,2013,21489.4,9.9753
3205101,2014,21948.58,9.9965
3205101,2015,24299.78,10.0982
3205101,2016,27523.41,10.2228
3205101,2017,27899.85,10.2364
3205101,2018,34180.89,10.4394
3205101,2019,37579.77,10.5342
3205200,2009,17179.56,9.7515
3205200,2010,19027.8,9.8537
3205200,2011,20638.84,9.9349
3205200,2012,23024.18,10.0443
3205200,2013,21939.92,9.9961
3205200,2014,23585.33,10.0684
3205200,2015,23522.54,10.0657
3205200,2016,23035.49,10.0448
3205200,2017,22532.45,10.0227
3205200,2018,25165.3,10.1332
3205200,2019,25716.55,10.1549
3205309,2009,54059.86,10.8978
3205309,2010,65113.04,11.0839
3205309,2011,73985.78,11.2116
3205309,2012,73003.89,11.1983
3205309,2013,63886.7,11.0649
3205309,2014,66565.9,11.1059
3205309,2015,64800.1,11.0791
3205309,2016,60411.38,11.0089
3205309,2017,55769.35,10.929
3205309,2018,71226.56,11.1736
3205309,2019,65332.32,11.0872
3300704,2009,40073.65,10.5985
3300704,2010,49369.83,10.8071
3300704,2011,66108.91,11.0991
3300704,2012,85885.83,11.3608
3300704,2013,84170.33,11.3406
3300704,2014,84153.14,11.3404
3300704,2015,51039.08,10.8403
3300704,2016,33950.61,10.4327
3300704,2017,39812.16,10.5919
3300704,2018,49307.09,10.8058
3300704,2019,50860.69,10.8368
3301702,2009,24062.34,10.0884
3301702,2010,26653.69,10.1907
3301702,2011,25822.35,10.159
3301702,2012,24852.64,10.1207
3301702,2013,28441.08,10.2556
3301702,2014,32858.33,10.4
3301702,2015,39983.32,10.5962
3301702,2016,46836.03,10.7544
3301702,2017,45908.97,10.7344
3301702,2018,45475.21,10.7249
3301702,2019,49340.97,10.8065
3303302,2009,22897.22,10.0388
3303302,2010,25978.43,10.165
3303302,2011,31336.46,10.3525
3303302,2012,35989.38,10.491
3303302,2013,40567.98,10.6107
3303302,2014,49734.89,10.8145
3303302,2015,51333.01,10.8461
3303302,2016,46234.37,10.7415
3303302,2017,55086.24,10.9167
3303302,2018,78894.23,11.2759
3303302,2019,90637.3,11.4146
3303500,2009,10646.44,9.273
3303500,2010,12189.89,9.4084
3303500,2011,13925.92,9.5415
3303500,2012,14745.98,9.5987
3303500,2013,16419.81,9.7062
3303500,2014,18254.76,9.8122
3303500,2015,19676.09,9.8872
3303500,2016,20150.43,9.911
3303500,2017,21081.8,9.9562
3303500,2018,20600.79,9.9331
3303500,2019,21218.9,9.9626
3304904,2009,9046.75,9.1102
3304904,2010,10330.05,9.2428
3304904,2011,11337.04,9.3358
3304904,2012,12161.67,9.406
3304904,2013,13596.37,9.5176
3304904,2014,15047.3,9.619
3304904,2015,16029.27,9.6822
3304904,2016,16190.2,9.6922
3304904,2017,16411.19,9.7057
3304904,2018,17217.08,9.7537
3304904,2019,16931.63,9.7369
3305109,2009,9326.62,9.1406
3305109,2010,10795.09,9.2868
3305109,2011,15007.03,9.6163
3305109,2012,13014.51,9.4738
3305109,2013,14204.74,9.5613
3305109,2014,15745.14,9.6643
3305109,2015,19725.12,9.8896
3305109,2016,20423.4,9.9244
3305109,2017,19971.42,9.9021
3305109,2018,19748.77,9.8908
3305109,2019,20631.66,9.9346
3306305,2009,29550.08,10.2938
3306305,2010,37111.14,10.5217
3306305,2011,37311.47,10.5271
3306305,2012,39526.75,10.5847
3306305,2013,39827.49,10.5923
3306305,2014,40044.14,10.5977
3306305,2015,40358.06,10.6055
3306305,2016,39581.14,10.5861
3306305,2017,42651.11,10.6608
3306305,2018,49294.44,10.8056
3306305,2019,40355.34,10.6055
3500105,2009,16866.23,9.7331
3500105,2010,18729.59,9.8379
3500105,2011,20214.93,9.9142
3500105,2012,21974.53,9.9976
3500105,2013,23333.59,10.0576
3500105,2014,24653.27,10.1127
3500105,2015,30218.47,10.3162
3500105,2016,27924.32,10.2373
3500105,2017,29620.19,10.2962
3500105,2018,30577.33,10.328
3500105,2019,33966.41,10.4331
3501608,2009,30022.14,10.3097
3501608,2010,34620.78,10.4522
3501608,2011,40492.83,10.6089
3501608,2012,40759.35,10.6154
3501608,2013,44912.48,10.7125
3501608,2014,45403.51,10.7233
3501608,2015,43092.57,10.6711
3501608,2016,45053.93,10.7156
3501608,2017,46967.53,10.7572
3501608,2018,47827.7,10.7754
3501608,2019,49505.78,10.8098
3502101,2009,22298.75,10.0123
3502101,2010,25408.72,10.1428
3502101,2011,31283.66,10.3509
3502101,2012,33633.39,10.4233
3502101,2013,35574.71,10.4794
3502101,2014,36831.55,10.5141
3502101,2015,46018.1,10.7368
3502101,2016,38429.48,10.5566
3502101,2017,34459.42,10.4475
3502101,2018,33048.66,10.4057
3502101,2019,40384.06,10.6062
3503208,2009,22297.77,10.0122
3503208,2010,26617.58,10.1893
3503208,2011,29033.43,10.2762
3503208,2012,32586.9,10.3917
3503208,2013,33920.69,10.4318
3503208,2014,35385.36,10.4741
3503208,2015,36809.84,10.5135
3503208,2016,39415.61,10.5819
3503208,2017,40255.26,10.603
3503208,2018,40271.18,10.6034
3503208,2019,42487.18,10.657
3503307,2009,25782.1,10.1574
3503307,2010,27393.13,10.218
3503307,2011,30599.89,10.3288
3503307,2012,33349.66,10.4148
3503307,2013,33320.23,10.4139
3503307,2014,34241.84,10.4412
3503307,2015,35419.41,10.475
3503307,2016,38544.15,10.5596
3503307,2017,40995.7,10.6212
3503307,2018,41827.64,10.6413
3503307,2019,44223.05,10.697
3505500,2009,19841.21,9.8955
3505500,2010,22095.6,10.0031
3505500,2011,24330.79,10.0995
3505500,2012,27209.67,10.2113
3505500,2013,29047.89,10.2767
3505500,2014,31724.23,10.3648
3505500,2015,32250.79,10.3813
3505500,2016,35443.61,10.4757
3505500,2017,38795.7,10.5661
3505500,2018,40028.18,10.5973
3505500,2019,39623.79,10.5872
3505708,2009,105348.2,11.565
3505708,2010,116937.16,11.6694
3505708,2011,141680.73,11.8613
3505708,2012,161067.14,11.9896
3505708,2013,170845.59,12.0485
3505708,2014,175575.43,12.0758
3505708,2015,182102.85,12.1123
3505708,2016,177640.45,12.0875
3505708,2017,178451.52,12.0921
3505708,2018,186367.81,12.1355
3505708,2019,192371.97,12.1672
3505807,2009,22414.83,10.0175
3505807,2010,22493.11,10.021
3505807,2011,22974.31,10.0421
3505807,2012,28405.99,10.2544
3505807,2013,33276.96,10.4126
3505807,2014,34020.7,10.4347
3505807,2015,44581.72,10.7051
3505807,2016,40161.98,10.6007
3505807,2017,50570.07,10.8311
3505807,2018,45790.16,10.7318
3505807,2019,52199.49,10.8628
3505906,2009,16269.32,9.697
3505906,2010,20354.03,9.921
3505906,2011,23246.27,10.0539
3505906,2012,23587.98,10.0685
3505906,2013,23636.64,10.0706
3505906,2014,24441.46,10.104
3505906,2015,26340.28,10.1789
3505906,2016,24804.21,10.1188
3505906,2017,24944.53,10.1244
3505906,2018,25495.58,10.1463
3505906,2019,30496.22,10.3254
3506102,2009,16343.13,9.7016
3506102,2010,18953.79,9.8498
3506102,2011,23037.87,10.0449
3506102,2012,26086.85,10.1692
3506102,2013,27473.21,10.221
3506102,2014,33899.92,10.4312
3506102,2015,35897.19,10.4884
3506102,2016,41887.93,10.6428
3506102,2017,41416.43,10.6314
3506102,2018,43183.6,10.6732
3506102,2019,42736.68,10.6628
3509502,2009,30616.51,10.3293
3509502,2010,35446.9,10.4758
3509502,2011,40915.55,10.6193
3509502,2012,44090.07,10.694
3509502,2013,47485.08,10.7682
3509502,2014,47322.2,10.7647
3509502,2015,49097.7,10.8016
3509502,2016,49241.2,10.8045
3509502,2017,49448.67,10.8087
3509502,2018,51410.15,10.8476
3509502,2019,54678.79,10.9092
3510203,2009,10989.21,9.3047
3510203,2010,10940.29,9.3002
3510203,2011,11838.91,9.3791
3510203,2012,11545.35,9.354
3510203,2013,13009.53,9.4734
3510203,2014,15407.6,9.6426
3510203,2015,15848.8,9.6708
3510203,2016,17085.35,9.746
3510203,2017,17687.29,9.7806
3510203,2018,19225.7,9.864
3510203,2019,20119.03,9.9094
3510401,2009,19508.32,9.8786
3510401,2010,23198.19,10.0518
3510401,2011,26831.34,10.1973
3510401,2012,29090.72,10.2782
3510401,2013,29746.89,10.3005
3510401,2014,30964.65,10.3406
3510401,2015,27835.26,10.2341
3510401,2016,31970.35,10.3726
3510401,2017,35315.0,10.4721
3510401,2018,36673.84,10.5098
3510401,2019,39131.89,10.5747
3510609,2009,6803.6,8.8252
3510609,2010,7851.53,8.9685
3510609,2011,9206.42,9.1277
3510609,2012,10104.67,9.2208
3510609,2013,11350.82,9.337
3510609,2014,12278.53,9.4156
3510609,2015,12917.01,9.4663
3510609,2016,13241.99,9.4911
3510609,2017,13910.96,9.5404
3510609,2018,14404.24,9.5753
3510609,2019,15364.87,9.6398
3511102,2009,19208.24,9.8631
3511102,2010,21423.71,9.9723
3511102,2011,25349.02,10.1405
3511102,2012,27650.62,10.2274
3511102,2013,28813.58,10.2686
3511102,2014,29556.46,10.2941
3511102,2015,30565.25,10.3276
3511102,2016,32338.25,10.384
3511102,2017,32719.36,10.3957
3511102,2018,34607.07,10.4518
3511102,2019,35827.39,10.4865
3513009,2009,36114.83,10.4945
3513009,2010,35104.35,10.4661
3513009,2011,38855.36,10.5676
3513009,2012,41334.14,10.6294
3513009,2013,43153.67,10.6725
3513009,2014,46744.72,10.7525
3513009,2015,46412.13,10.7453
3513009,2016,46839.12,10.7545
3513009,2017,49020.02,10.8
3513009,2018,51211.95,10.8437
3513009,2019,53694.85,10.8911
3513405,2009,14750.57,9.599
3513405,2010,18440.03,9.8223
3513405,2011,21299.13,9.9664
3513405,2012,19936.26,9.9003
3513405,2013,24429.77,10.1036
3513405,2014,26393.49,10.1809
3513405,2015,23831.52,10.0788
3513405,2016,25123.87,10.1316
3513405,2017,25886.62,10.1615
3513405,2018,29653.3,10.2973
3513405,2019,29437.41,10.29
3513504,2009,66278.46,11.1016
3513504,2010,76001.0,11.2385
3513504,2011,61450.88,11.026
3513504,2012,49832.8,10.8164
3513504,2013,50796.78,10.8356
3513504,2014,74959.54,11.2247
3513504,2015,115766.81,11.6593
3513504,2016,104002.86,11.5522
3513504,2017,90717.64,11.4155
3513504,2018,101558.55,11.5284
3513504,2019,115933.58,11.6608
3513801,2009,23678.77,10.0723
3513801,2010,27215.04,10.2115
3513801,2011,30015.43,10.3095
3513801,2012,30687.72,10.3316
3513801,2013,32556.89,10.3907
3513801,2014,34296.61,10.4428
3513801,2015,33168.26,10.4093
3513801,2016,32321.86,10.3835
3513801,2017,32821.79,10.3988
3513801,2018,34857.82,10.459
3513801,2019,36077.74,10.4934
3514403,2009,14819.27,9.6037
3514403,2010,15946.43,9.677
3514403,2011,18191.44,9.8087
3514403,2012,19807.78,9.8938
3514403,2013,22586.91,10.0251
3514403,2014,22462.48,10.0196
3514403,2015,23395.64,10.0603
3514403,2016,24458.49,10.1047
3514403,2017,25354.33,10.1407
3514403,2018,25759.82,10.1566
3514403,2019,27521.98,10.2227
3515004,2009,15243.62,9.6319
3515004,2010,17797.96,9.7868
3515004,2011,21329.42,9.9678
3515004,2012,24232.18,10.0954
3515004,2013,27903.04,10.2365
3515004,2014,33618.82,10.4228
3515004,2015,36018.02,10.4918
3515004,2016,36104.06,10.4942
3515004,2017,44079.79,10.6938
3515004,2018,48907.97,10.7977
3515004,2019,53697.37,10.8911
3516200,2009,12577.44,9.4397
3516200,2010,15513.21,9.6494
3516200,2011,18358.92,9.8179
3516200,2012,20569.6,9.9316
3516200,2013,21978.0,9.9978
3516200,2014,23788.46,10.077
3516200,2015,27067.91,10.2061
3516200,2016,25829.14,10.1593
3516200,2017,26922.57,10.2007
3516200,2018,28517.16,10.2583
3516200,2019,28800.36,10.2681
3516309,2009,5098.97,8.5368
3516309,2010,5639.69,8.6376
3516309,2011,6470.81,8.7751
3516309,2012,6861.7,8.8337
3516309,2013,7521.96,8.9256
3516309,2014,7475.74,8.9194
3516309,2015,7962.05,8.9824
3516309,2016,8063.15,8.9951
3516309,2017,8523.11,9.0505
3516309,2018,8719.29,9.0733
3516309,2019,9036.61,9.109
3516705,2009,13833.59,9.5349
3516705,2010,16440.71,9.7075
3516705,2011,17403.92,9.7645
3516705,2012,19926.58,9.8998
3516705,2013,20364.73,9.9216
3516705,2014,22363.43,10.0152
3516705,2015,23450.66,10.0627
3516705,2016,24514.2,10.107
3516705,2017,24664.78,10.1131
3516705,2018,26869.64,10.1988
3516705,2019,26487.09,10.1844
3517406,2009,25409.58,10.1429
3517406,2010,27116.89,10.2079
3517406,2011,29495.73,10.292
3517406,2012,31777.64,10.3665
3517406,2013,37947.65,10.544
3517406,2014,41809.44,10.6409
3517406,2015,82030.47,11.3148
3517406,2016,83475.59,11.3323
3517406,2017,81228.86,11.305
3517406,2018,78895.52,11.2759
3517406,2019,51739.62,10.854
3518404,2009,22280.49,10.0115
3518404,2010,25905.04,10.1622
3518404,2011,27473.33,10.221
3518404,2012,30262.81,10.3177
3518404,2013,35367.46,10.4735
3518404,2014,37204.67,10.5242
3518404,2015,35237.49,10.4699
3518404,2016,40013.03,10.597
3518404,2017,42102.59,10.6479
3518404,2018,46870.09,10.7551
3518404,2019,53194.6,10.8817
3520442,2009,12079.94,9.3993
3520442,2010,12946.39,9.4686
3520442,2011,15396.48,9.6419
3520442,2012,17466.23,9.768
3520442,2013,17795.32,9.7867
3520442,2014,19144.69,9.8598
3520442,2015,20004.9,9.9037
3520442,2016,22079.11,10.0024
3520442,2017,23636.28,10.0705
3520442,2018,23195.06,10.0517
3520442,2019,24542.87,10.1082
3520509,2009,36127.59,10.4948
3520509,2010,39276.47,10.5784
3520509,2011,39536.22,10.585
3520509,2012,43953.59,10.6909
3520509,2013,47593.7,10.7705
3520509,2014,52006.38,10.8591
3520509,2015,50360.17,10.827
3520509,2016,52183.96,10.8625
3520509,2017,58533.89,10.9774
3520509,2018,63164.04,11.0535
3520509,2019,66416.37,11.1037
3522307,2009,15932.38,9.6761
3522307,2010,17472.81,9.7684
3522307,2011,20414.51,9.924
3522307,2012,21220.9,9.9627
3522307,2013,23187.5,10.0514
3522307,2014,25014.44,10.1272
3522307,2015,27705.04,10.2294
3522307,2016,26408.56,10.1814
3522307,2017,27051.73,10.2055
3522307,2018,29290.27,10.285
3522307,2019,29929.24,10.3066
3522406,2009,14180.96,9.5597
3522406,2010,13210.16,9.4887
3522406,2011,15070.18,9.6205
3522406,2012,16929.21,9.7368
3522406,2013,19258.88,9.8657
3522406,2014,21302.24,9.9666
3522406,2015,24474.51,10.1054
3522406,2016,26279.07,10.1765
3522406,2017,25447.42,10.1444
3522406,2018,26835.95,10.1975
3522406,2019,31475.11,10.357
3522505,2009,17665.89,9.7794
3522505,2010,25489.55,10.146
3522505,2011,29042.53,10.2765
3522505,2012,34315.64,10.4434
3522505,2013,36185.57,10.4964
3522505,2014,44449.63,10.7021
3522505,2015,48946.22,10.7985
3522505,2016,49771.06,10.8152
3522505,2017,49035.42,10.8003
3522505,2018,51871.73,10.8565
3522505,2019,50700.93,10.8337
3522703,2009,17222.34,9.754
3522703,2010,21095.24,9.9568
3522703,2011,25942.73,10.1636
3522703,2012,29077.11,10.2777
3522703,2013,27876.0,10.2355
3522703,2014,28450.58,10.2559
3522703,2015,28181.82,10.2464
3522703,2016,28160.22,10.2457
3522703,2017,31900.65,10.3704
3522703,2018,30497.31,10.3254
3522703,2019,30987.73,10.3413
3523909,2009,30065.62,10.3111
3523909,2010,29611.32,10.2959
3523909,2011,36015.7,10.4917
3523909,2012,38922.75,10.5693
3523909,2013,43688.46,10.6848
3523909,2014,42778.15,10.6638
3523909,2015,43752.17,10.6863
3523909,2016,44776.31,10.7094
3523909,2017,43423.38,10.6788
3523909,2018,45445.38,10.7243
3523909,2019,50459.02,10.8289
3524402,2009,27917.73,10.237
3524402,2010,31406.59,10.3548
3524402,2011,34424.19,10.4465
3524402,2012,35719.98,10.4835
3524402,2013,37615.76,10.5352
3524402,2014,41457.77,10.6324
3524402,2015,43943.15,10.6907
3524402,2016,46165.91,10.74
3524402,2017,49026.44,10.8001
3524402,2018,55133.17,10.9175
3524402,2019,57356.92,10.957
3525904,2009,54029.12,10.8973
3525904,2010,63997.1,11.0666
3525904,2011,71102.33,11.1719
3525904,2012,81349.15,11.3065
3525904,2013,87449.61,11.3788
3525904,2014,98015.7,11.4929
3525904,2015,97240.27,11.4849
3525904,2016,99366.63,11.5066
3525904,2017,100329.05,11.5162
3525904,2018,105181.42,11.5634
3525904,2019,112084.83,11.627
3526704,2009,17273.41,9.7569
3526704,2010,18001.75,9.7982
3526704,2011,20399.69,9.9233
3526704,2012,22466.99,10.0198
3526704,2013,23646.53,10.071
3526704,2014,25844.7,10.1599
3526704,2015,27906.19,10.2366
3526704,2016,29953.63,10.3074
3526704,2017,29314.58,10.2858
3526704,2018,31290.08,10.3511
3526704,2019,32666.11,10.3941
3526902,2009,23378.87,10.0596
3526902,2010,27265.46,10.2134
3526902,2011,31034.11,10.3428
3526902,2012,33629.02,10.4231
3526902,2013,36843.57,10.5144
3526902,2014,38056.24,10.5468
3526902,2015,35490.12,10.477
3526902,2016,39441.56,10.5826
3526902,2017,40231.87,10.6024
3526902,2018,43689.33,10.6849
3526902,2019,45074.95,10.7161
3529302,2009,23336.66,10.0578
3529302,2010,27165.78,10.2097
3529302,2011,31354.36,10.3531
3529302,2012,38093.21,10.5478
3529302,2013,39294.95,10.5789
3529302,2014,40368.55,10.6058
3529302,2015,41664.98,10.6374
3529302,2016,46162.19,10.7399
3529302,2017,49125.77,10.8021
3529302,2018,50222.82,10.8242
3529302,2019,47632.45,10.7713
3530607,2009,20913.13,9.9481
3530607,2010,24469.97,10.1052
3530607,2011,25921.63,10.1628
3530607,2012,28115.08,10.2441
3530607,2013,31018.68,10.3423
3530607,2014,31738.24,10.3653
3530607,2015,33442.29,10.4176
3530607,2016,33920.22,10.4318
3530607,2017,33905.39,10.4313
3530607,2018,34906.81,10.4604
3530607,2019,36538.23,10.5061
3531100,2009,9082.43,9.1141
3531100,2010,9554.45,9.1648
3531100,2011,10521.79,9.2612
3531100,2012,12021.34,9.3944
3531100,2013,13793.84,9.532
3531100,2014,15331.58,9.6377
3531100,2015,16436.98,9.7073
3531100,2016,17261.88,9.7563
3531100,2017,18675.32,9.835
3531100,2018,18486.93,9.8248
3531100,2019,19747.58,9.8908
3531308,2009,19072.03,9.856
3531308,2010,21658.6,9.9832
3531308,2011,23767.7,10.0761
3531308,2012,27774.39,10.2319
3531308,2013,29529.9,10.2932
3531308,2014,30809.19,10.3356
3531308,2015,32335.57,10.3839
3531308,2016,35719.64,10.4835
3531308,2017,35724.64,10.4836
3531308,2018,35736.82,10.4839
3531308,2019,39822.17,10.5922
3533908,2009,20106.06,9.9088
3533908,2010,23497.85,10.0647
3533908,2011,25532.33,10.1477
3533908,2012,27615.15,10.2261
3533908,2013,28279.83,10.2499
3533908,2014,30121.52,10.313
3533908,2015,32544.3,10.3904
3533908,2016,35176.68,10.4681
3533908,2017,36848.07,10.5146
3533908,2018,37387.79,10.5291
3533908,2019,38588.17,10.5607
3534401,2009,51472.92,10.8488
3534401,2010,62748.88,11.0469
3534401,2011,71297.84,11.1746
3534401,2012,74841.07,11.2231
3534401,2013,78559.51,11.2716
3534401,2014,87749.99,11.3822
3534401,2015,94860.12,11.4602
3534401,2016,108680.97,11.5962
3534401,2017,111661.57,11.6232
3534401,2018,109934.69,11.6076
3534401,2019,117277.05,11.6723
3534708,2009,15122.95,9.624
3534708,2010,17198.42,9.7526
3534708,2011,19254.9,9.8655
3534708,2012,21569.91,9.9791
3534708,2013,23822.56,10.0784
3534708,2014,25079.27,10.1298
3534708,2015,24860.39,10.121
3534708,2016,25581.65,10.1496
3534708,2017,26893.57,10.1996
3534708,2018,27196.28,10.2108
3534708,2019,29148.15,10.2801
3537404,2009,14823.75,9.604
3537404,2010,15185.59,9.6281
3537404,2011,17629.84,9.7773
3537404,2012,20339.84,9.9203
3537404,2013,20698.35,9.9378
3537404,2014,24218.68,10.0949
3537404,2015,28880.86,10.2709
3537404,2016,28782.3,10.2675
3537404,2017,28580.19,10.2605
3537404,2018,29281.96,10.2847
3537404,2019,30099.61,10.3123
3537602,2009,9952.5,9.2056
3537602,2010,11000.64,9.3057
3537602,2011,15408.15,9.6427
3537602,2012,18108.93,9.8042
3537602,2013,19831.06,9.895
3537602,2014,21383.18,9.9704
3537602,2015,19940.39,9.9005
3537602,2016,18017.43,9.7991
3537602,2017,19993.93,9.9032
3537602,2018,22538.92,10.023
3537602,2019,24346.1,10.1001
3538006,2009,25404.69,10.1427
3538006,2010,26300.61,10.1773
3538006,2011,30378.43,10.3215
3538006,2012,34264.78,10.4419
3538006,2013,36239.7,10.4979
3538006,2014,38951.88,10.5701
3538006,2015,41122.86,10.6243
3538006,2016,41666.08,10.6374
3538006,2017,42584.32,10.6592
3538006,2018,51756.67,10.8543
3538006,2019,50341.04,10.8266
3538709,2009,29493.23,10.2919
3538709,2010,33965.82,10.4331
3538709,2011,40110.3,10.5994
3538709,2012,43395.05,10.6781
3538709,2013,52674.57,10.8719
3538709,2014,56934.47,10.9497
3538709,2015,54399.97,10.9041
3538709,2016,55332.53,10.9211
3538709,2017,59698.63,10.9971
3538709,2018,65881.7,11.0956
3538709,2019,68974.97,11.1415
3539301,2009,18521.2,9.8267
3539301,2010,21536.98,9.9775
3539301,2011,24567.24,10.1092
3539301,2012,26855.71,10.1982
3539301,2013,28276.5,10.2498
3539301,2014,30330.23,10.3199
3539301,2015,31154.09,10.3467
3539301,2016,33182.95,10.4098
3539301,2017,34751.4,10.456
3539301,2018,36784.18,10.5128
3539301,2019,37569.53,10.5339
3541000,2009,11188.09,9.3226
3541000,2010,12679.16,9.4477
3541000,2011,13842.0,9.5355
3541000,2012,15832.18,9.6698
3541000,2013,17246.48,9.7554
3541000,2014,18767.21,9.8399
3541000,2015,21198.42,9.9617
3541000,2016,20338.38,9.9203
3541000,2017,21589.86,9.98
3541000,2018,22065.35,10.0018
3541000,2019,23440.44,10.0622
3541307,2009,14978.41,9.6144
3541307,2010,15479.24,9.6473
3541307,2011,15496.7,9.6484
3541307,2012,16076.95,9.6851
3541307,2013,20233.76,9.9151
3541307,2014,22170.3,10.0065
3541307,2015,22569.15,10.0243
3541307,2016,19529.96,9.8797
3541307,2017,19794.59,9.8932
3541307,2018,18094.56,9.8034
3541307,2019,20190.05,9.9129
3541406,2009,19438.43,9.875
3541406,2010,21899.63,9.9942
3541406,2011,24024.09,10.0868
3541406,2012,26642.65,10.1903
3541406,2013,28798.45,10.2681
3541406,2014,28707.54,10.2649
3541406,2015,31304.01,10.3515
3541406,2016,33059.99,10.4061
3541406,2017,34554.65,10.4503
3541406,2018,35193.35,10.4686
3541406,2019,36702.01,10.5106
3541505,2009,10574.21,9.2662
3541505,2010,11311.87,9.3336
3541505,2011,12390.0,9.4246
3541505,2012,13733.87,9.5276
3541505,2013,15306.18,9.636
3541505,2014,15948.6,9.6771
3541505,2015,17263.63,9.7564
3541505,2016,17974.29,9.7967
3541505,2017,18103.25,9.8038
3541505,2018,18125.71,9.8051
3541505,2019,19425.19,9.8743
3542206,2009,18002.3,9.7983
3542206,2010,19428.43,9.8745
3542206,2011,22173.64,10.0067
3542206,2012,28845.78,10.2697
3542206,2013,30569.15,10.3277
3542206,2014,29987.36,10.3085
3542206,2015,32941.63,10.4025
3542206,2016,37589.85,10.5345
3542206,2017,37884.61,10.5423
3542206,2018,37223.22,10.5247
3542206,2019,36280.3,10.499
3542602,2009,11403.35,9.3417
3542602,2010,16432.47,9.707
3542602,2011,18557.28,9.8286
3542602,2012,22221.5,10.0088
3542602,2013,23172.32,10.0507
3542602,2014,32923.06,10.4019
3542602,2015,30108.28,10.3126
3542602,2016,32435.38,10.387
3542602,2017,34524.7,10.4494
3542602,2018,34949.99,10.4617
3542602,2019,37220.25,10.5246
3543402,2009,27463.52,10.2206
3543402,2010,31104.47,10.3451
3543402,2011,32870.3,10.4003
3543402,2012,35263.41,10.4706
3543402,2013,38343.09,10.5543
3543402,2014,40704.36,10.6141
3543402,2015,41624.07,10.6364
3543402,2016,44536.36,10.7041
3543402,2017,47882.28,10.7765
3543402,2018,49419.92,10.8081
3543402,2019,50397.97,10.8277
3543907,2009,26526.19,10.1859
3543907,2010,29718.19,10.2995
3543907,2011,34712.59,10.4549
3543907,2012,38333.36,10.5541
3543907,2013,39409.89,10.5818
3543907,2014,42220.81,10.6507
3543907,2015,42190.21,10.6499
3543907,2016,44278.17,10.6982
3543907,2017,45392.37,10.7231
3543907,2018,47848.76,10.7758
3543907,2019,50961.72,10.8388
3545209,2009,26871.08,10.1988
3545209,2010,30468.44,10.3244
3545209,2011,36796.81,10.5132
3545209,2012,40840.36,10.6174
3545209,2013,44798.85,10.7099
3545209,2014,48934.25,10.7982
3545209,2015,51492.2,10.8492
3545209,2016,52412.31,10.8669
3545209,2017,58394.69,10.975
3545209,2018,62012.73,11.0351
3545209,2019,65698.73,11.0928
3545803,2009,15673.28,9.6597
3545803,2010,18768.97,9.84
3545803,2011,22573.47,10.0245
3545803,2012,24038.26,10.0874
3545803,2013,26875.87,10.199
3545803,2014,27763.0,10.2315
3545803,2015,26522.21,10.1857
3545803,2016,28138.49,10.2449
3545803,2017,29649.54,10.2972
3545803,2018,30771.67,10.3343
3545803,2019,32168.4,10.3787
3547304,2009,38970.2,10.5706
3547304,2010,40782.65,10.616
3547304,2011,51468.22,10.8487
3547304,2012,54511.29,10.9062
3547304,2013,57993.59,10.9681
3547304,2014,68575.51,11.1357
3547304,2015,63371.89,11.0568
3547304,2016,63942.98,11.0657
3547304,2017,66608.65,11.1066
3547304,2018,67623.97,11.1217
3547304,2019,67949.69,11.1265
3547809,2009,23485.31,10.0641
3547809,2010,28352.34,10.2525
3547809,2011,32043.18,10.3748
3547809,2012,35037.66,10.4642
3547809,2013,37906.32,10.5429
3547809,2014,37791.08,10.5398
3547809,2015,35745.68,10.4842
3547809,2016,37653.34,10.5362
3547809,2017,38965.22,10.5704
3547809,2018,40488.37,10.6088
3547809,2019,42178.31,10.6497
3548500,2009,30934.17,10.3396
3548500,2010,32385.4,10.3855
3548500,2011,36823.4,10.5139
3548500,2012,40156.46,10.6005
3548500,2013,43567.79,10.6821
3548500,2014,45970.88,10.7358
3548500,2015,46201.25,10.7408
3548500,2016,49977.22,10.8193
3548500,2017,51548.5,10.8503
3548500,2018,51906.56,10.8572
3548500,2019,52504.02,10.8686
3548708,2009,42851.84,10.6655
3548708,2010,53828.19,10.8936
3548708,2011,60357.3,11.008
3548708,2012,58460.99,10.9761
3548708,2013,60540.53,11.0111
3548708,2014,58492.19,10.9766
3548708,2015,51429.17,10.848
3548708,2016,52567.04,10.8698
3548708,2017,53699.73,10.8912
3548708,2018,60683.49,11.0134
3548708,2019,60804.99,11.0154
3548906,2009,27380.3,10.2176
3548906,2010,30611.85,10.3291
3548906,2011,33298.66,10.4133
3548906,2012,36084.45,10.4936
3548906,2013,38625.67,10.5617
3548906,2014,40034.51,10.5975
3548906,2015,41214.83,10.6266
3548906,2016,40989.74,10.6211
3548906,2017,42071.94,10.6471
3548906,2018,44796.4,10.7099
3548906,2019,46873.25,10.7552
3549805,2009,20452.38,9.9259
3549805,2010,23495.89,10.0646
3549805,2011,27180.76,10.2103
3549805,2012,29979.4,10.3083
3549805,2013,32971.31,10.4034
3549805,2014,33817.07,10.4287
3549805,2015,34000.8,10.4341
3549805,2016,34974.84,10.4624
3549805,2017,36653.84,10.5093
3549805,2018,38460.89,10.5574
3549805,2019,40816.18,10.6168
3549904,2009,39888.62,10.5938
3549904,2010,41266.29,10.6278
3549904,2011,40068.62,10.5983
3549904,2012,41306.13,10.6288
3549904,2013,42019.89,10.6459
3549904,2014,44555.16,10.7045
3549904,2015,49215.47,10.804
3549904,2016,59814.26,10.999
3549904,2017,56022.98,10.9335
3549904,2018,55599.42,10.9259
3549904,2019,60340.25,11.0078
3550100,2009,17414.8,9.7651
3550100,2010,18544.8,9.8279
3550100,2011,19731.78,9.89
3550100,2012,22251.46,10.0102
3550100,2013,23384.79,10.0598
3550100,2014,24108.26,10.0903
3550100,2015,24842.45,10.1203
3550100,2016,26868.8,10.1987
3550100,2017,28068.0,10.2424
3550100,2018,27686.37,10.2287
3550100,2019,27478.98,10.2212
3550308,2009,35317.14,10.4721
3550308,2010,40305.79,10.6043
3550308,2011,44358.35,10.7001
3550308,2012,47366.8,10.7657
3550308,2013,49237.52,10.8044
3550308,2014,52280.01,10.8644
3550308,2015,54617.02,10.9081
3550308,2016,56741.72,10.9463
3550308,2017,57731.63,10.9636
3550308,2018,58690.27,10.98
3550308,2019,62324.22,11.0401
3551009,2009,8859.81,9.0893
3551009,2010,10100.22,9.2203
3551009,2011,10786.57,9.2861
3551009,2012,11711.18,9.3683
3551009,2013,12882.4,9.4636
3551009,2014,13619.19,9.5192
3551009,2015,14121.41,9.5554
3551009,2016,14147.9,9.5573
3551009,2017,14488.59,9.5811
3551009,2018,14939.78,9.6118
3551009,2019,15191.99,9.6285
3551702,2009,29362.99,10.2875
3551702,2010,33679.15,10.4246
3551702,2011,34995.71,10.463
3551702,2012,37316.93,10.5272
3551702,2013,36492.19,10.5049
3551702,2014,38003.82,10.5454
3551702,2015,40483.54,10.6087
3551702,2016,41230.46,10.6269
3551702,2017,44960.97,10.7136
3551702,2018,44134.96,10.695
3551702,2019,43540.68,10.6815
3552205,2009,28534.76,10.2589
3552205,2010,33480.42,10.4187
3552205,2011,38709.93,10.5639
3552205,2012,43232.95,10.6744
3552205,2013,46652.08,10.7505
3552205,2014,46423.69,10.7456
3552205,2015,47732.4,10.7734
3552205,2016,46791.04,10.7534
3552205,2017,48668.85,10.7928
3552205,2018,52159.55,10.8621
3552205,2019,54863.25,10.9126
3552403,2009,36737.41,10.5116
3552403,2010,39204.12,10.5765
3552403,2011,39132.82,10.5747
3552403,2012,45404.53,10.7234
3552403,2013,45154.36,10.7178
3552403,2014,44399.55,10.701
3552403,2015,46091.14,10.7384
3552403,2016,45403.39,10.7233
3552403,2017,49873.45,10.8172
3552403,2018,51830.63,10.8557
3552403,2019,52801.42,10.8743
3552502,2009,21684.87,9.9844
3552502,2010,23862.08,10.08
3552502,2011,27235.94,10.2123
3552502,2012,28955.94,10.2735
3552502,2013,32068.65,10.3756
3552502,2014,36068.91,10.4932
3552502,2015,31668.29,10.3631
3552502,2016,36424.14,10.503
3552502,2017,36906.16,10.5161
3552502,2018,37832.74,10.5409
3552502,2019,40544.72,10.6102
3552809,2009,20280.39,9.9174
3552809,2010,23022.95,10.0442
3552809,2011,24399.46,10.1023
3552809,2012,25574.98,10.1494
3552809,2013,26710.21,10.1928
3552809,2014,28480.51,10.257
3552809,2015,29014.36,10.2755
3552809,2016,29403.19,10.2889
3552809,2017,30188.3,10.3152
3552809,2018,29343.27,10.2868
3552809,2019,30452.15,10.3239
3554003,2009,18617.7,9.8319
3554003,2010,21297.82,9.9664
3554003,2011,24514.86,10.107
3554003,2012,27303.46,10.2148
3554003,2013,28970.56,10.274
3554003,2014,29892.96,10.3054
3554003,2015,29767.41,10.3012
3554003,2016,32079.15,10.376
3554003,2017,31710.02,10.3644
3554003,2018,33177.47,10.4096
3554003,2019,33611.1,10.4226
3555000,2009,14026.58,9.5487
3555000,2010,15768.04,9.6657
3555000,2011,18403.69,9.8203
3555000,2012,20970.11,9.9509
3555000,2013,22235.12,10.0094
3555000,2014,23368.41,10.0591
3555000,2015,23774.85,10.0764
3555000,2016,24988.37,10.1262
3555000,2017,26780.32,10.1954
3555000,2018,27391.47,10.218
3555000,2019,29468.41,10.2911
3556404,2009,10328.14,9.2426
3556404,2010,11340.17,9.3361
3556404,2011,13053.05,9.4768
3556404,2012,15278.34,9.6342
3556404,2013,17104.53,9.7471
3556404,2014,19277.76,9.8667
3556404,2015,19985.62,9.9028
3556404,2016,21654.26,9.983
3556404,2017,22871.57,10.0376
3556404,2018,21932.61,9.9957
3556404,2019,24110.12,10.0904
3557006,2009,17216.9,9.7536
3557006,2010,19002.48,9.8523
3557006,2011,19073.27,9.856
3557006,2012,22412.47,10.0174
3557006,2013,25745.88,10.156
3557006,2014,40033.48,10.5975
3557006,2015,38160.34,10.5496
3557006,2016,25884.37,10.1614
3557006,2017,24986.36,10.1261
3557006,2018,25492.66,10.1461
3557006,2019,27806.49,10.233
4101408,2009,13638.16,9.5206
4101408,2010,14390.32,9.5743
4101408,2011,15733.47,9.6635
4101408,2012,17406.91,9.7646
4101408,2013,19609.38,9.8838
4101408,2014,21626.2,9.9817
4101408,2015,22271.05,10.011
4101408,2016,22627.4,10.0269
4101408,2017,23876.31,10.0806
4101408,2018,23315.34,10.0569
4101408,2019,25602.85,10.1505
4101804,2009,62649.66,11.0453
4101804,2010,75263.79,11.2288
4101804,2011,60642.08,11.0127
4101804,2012,46562.39,10.7485
4101804,2013,52924.45,10.8766
4101804,2014,64999.98,11.0821
4101804,2015,104565.04,11.5576
4101804,2016,125350.42,11.7389
4101804,2017,123511.33,11.7241
4101804,2018,116021.84,11.6615
4101804,2019,130033.22,11.7755
4104303,2009,20355.21,9.9211
4104303,2010,19611.34,9.8839
4104303,2011,23072.02,10.0464
4104303,2012,25793.86,10.1579
4104303,2013,27727.16,10.2302
4104303,2014,31777.3,10.3665
4104303,2015,33176.18,10.4096
4104303,2016,35947.64,10.4898
4104303,2017,36501.74,10.5051
4104303,2018,41534.92,10.6343
4104303,2019,40806.93,10.6166
4104808,2009,16810.26,9.7297
4104808,2010,18159.55,9.807
4104808,2011,21799.46,9.9896
4104808,2012,24670.59,10.1134
4104808,2013,27594.99,10.2254
4104808,2014,30613.85,10.3292
4104808,2015,32381.5,10.3853
4104808,2016,34205.66,10.4401
4104808,2017,35600.54,10.4801
4104808,2018,37731.74,10.5383
4104808,2019,38341.24,10.5543
4105508,2009,15695.17,9.6611
4105508,2010,17378.17,9.763
4105508,2011,20148.33,9.9109
4105508,2012,22975.16,10.0422
4105508,2013,26193.72,10.1733
4105508,2014,28855.51,10.2701
4105508,2015,30247.54,10.3172
4105508,2016,31722.0,10.3648
4105508,2017,34145.08,10.4384
4105508,2018,32662.62,10.394
4105508,2019,34335.1,10.4439
4106407,2009,14455.79,9.5789
4106407,2010,15777.08,9.6663
4106407,2011,18815.91,9.8425
4106407,2012,21367.03,9.9696
4106407,2013,24667.53,10.1132
4106407,2014,25618.25,10.1511
4106407,2015,28339.35,10.252
4106407,2016,28944.96,10.2732
4106407,2017,29749.61,10.3006
4106407,2018,32330.49,10.3838
4106407,2019,35292.51,10.4714
4106902,2009,27080.91,10.2066
4106902,2010,32149.73,10.3782
4106902,2011,37360.92,10.5284
4106902,2012,39756.45,10.5905
4106902,2013,43142.13,10.6723
4106902,2014,43551.65,10.6817
4106902,2015,44619.66,10.7059
4106902,2016,44216.99,10.6969
4106902,2017,44397.52,10.7009
4106902,2018,45458.27,10.7246
4106902,2019,49719.8,10.8142
4108304,2009,19507.95,9.8786
4108304,2010,21497.85,9.9757
4108304,2011,26157.11,10.1719
4108304,2012,32142.05,10.3779
4108304,2013,34494.14,10.4485
4108304,2014,34964.23,10.4621
4108304,2015,45494.68,10.7254
4108304,2016,51345.25,10.8463
4108304,2017,51007.32,10.8397
4108304,2018,56701.87,10.9456
4108304,2019,60997.41,11.0186
4108403,2009,15905.74,9.6744
4108403,2010,16647.28,9.72
4108403,2011,18588.67,9.8303
4108403,2012,21558.25,9.9785
4108403,2013,24501.88,10.1065
4108403,2014,28360.64,10.2528
4108403,2015,30312.67,10.3193
4108403,2016,32502.15,10.3891
4108403,2017,34704.26,10.4546
4108403,2018,35459.77,10.4762
4108403,2019,36141.37,10.4952
4111803,2009,11629.22,9.3613
4111803,2010,13590.63,9.5171
4111803,2011,16381.06,9.7039
4111803,2012,18234.09,9.811
4111803,2013,20420.65,9.9243
4111803,2014,22143.24,10.0053
4111803,2015,25623.11,10.1512
4111803,2016,28449.31,10.2559
4111803,2017,29286.86,10.2849
4111803,2018,34442.65,10.4471
4111803,2019,32421.1,10.3866
4113700,2009,18688.25,9.8357
4113700,2010,21180.3,9.9608
4113700,2011,24515.17,10.107
4113700,2012,28638.45,10.2625
4113700,2013,29711.85,10.2993
4113700,2014,30305.19,10.3191
4113700,2015,32372.87,10.3851
4113700,2016,33384.71,10.4159
4113700,2017,34454.22,10.4474
4113700,2018,35381.57,10.4739
4113700,2019,37897.61,10.5426
4115200,2009,21427.75,9.9724
4115200,2010,24518.42,10.1072
4115200,2011,27215.78,10.2116
4115200,2012,31001.62,10.3418
4115200,2013,35750.9,10.4843
4115200,2014,37189.94,10.5238
4115200,2015,38894.23,10.5686
4115200,2016,39924.6,10.5947
4115200,2017,41583.18,10.6355
4115200,2018,44441.29,10.7019
4115200,2019,45581.28,10.7273
4118402,2009,11610.86,9.3597
4118402,2010,13374.41,9.5011
4118402,2011,15095.22,9.6221
4118402,2012,17962.53,9.796
4118402,2013,20440.49,9.9253
4118402,2014,22464.31,10.0197
4118402,2015,24552.23,10.1086
4118402,2016,25479.98,10.1456
4118402,2017,30158.91,10.3142
4118402,2018,30152.96,10.314
4118402,2019,30410.48,10.3225
4118501,2009,20628.99,9.9345
4118501,2010,21965.65,9.9972
4118501,2011,24374.53,10.1013
4118501,2012,29301.97,10.2854
4118501,2013,32776.05,10.3975
4118501,2014,36198.15,10.4968
4118501,2015,38832.9,10.567
4118501,2016,41739.04,10.6392
4118501,2017,44605.85,10.7056
4118501,2018,46841.89,10.7545
4118501,2019,48322.11,10.7856
4119905,2009,18618.89,9.8319
4119905,2010,21292.86,9.9661
4119905,2011,25038.62,10.1282
4119905,2012,28196.35,10.2469
4119905,2013,31116.41,10.3455
4119905,2014,33827.94,10.429
4119905,2015,34934.98,10.4612
4119905,2016,38031.68,10.5462
4119905,2017,42224.21,10.6507
4119905,2018,43252.88,10.6748
4119905,2019,44363.84,10.7002
4125506,2009,50672.75,10.8331
4125506,2010,62900.5,11.0493
4125506,2011,77041.84,11.2521
4125506,2012,81504.91,11.3084
4125506,2013,87588.59,11.3804
4125506,2014,77617.35,11.2595
4125506,2015,76563.43,11.2459
4125506,2016,66538.23,11.1055
4125506,2017,73465.05,11.2046
4125506,2018,75933.9,11.2376
4125506,2019,92653.86,11.4366
4127700,2009,20119.73,9.9095
4127700,2010,20514.63,9.9289
4127700,2011,23625.08,10.0701
4127700,2012,26778.58,10.1954
4127700,2013,30940.47,10.3398
4127700,2014,34298.18,10.4428
4127700,2015,36891.81,10.5157
4127700,2016,40406.32,10.6067
4127700,2017,43760.73,10.6865
4127700,2018,44448.3,10.7021
4127700,2019,44031.64,10.6927
4128104,2009,13241.9,9.4911
4128104,2010,14597.22,9.5886
4128104,2011,16854.25,9.7324
4128104,2012,21190.89,9.9613
4128104,2013,23161.53,10.0502
4128104,2014,25728.84,10.1554
4128104,2015,28751.64,10.2665
4128104,2016,28951.63,10.2734
4128104,2017,29877.31,10.3049
4128104,2018,30658.87,10.3307
4128104,2019,33340.6,10.4145
4128203,2009,12371.64,9.4232
4128203,2010,13580.7,9.5164
4128203,2011,14858.21,9.6063
4128203,2012,16047.14,9.6833
4128203,2013,18436.96,9.8221
4128203,2014,20597.97,9.9329
4128203,2015,22373.23,10.0156
4128203,2016,24839.06,10.1202
4128203,2017,26844.81,10.1978
4128203,2018,27677.66,10.2284
4128203,2019,27891.46,10.2361
4201406,2009,14047.53,9.5502
4201406,2010,16341.76,9.7015
4201406,2011,19485.66,9.8774
4201406,2012,20134.86,9.9102
4201406,2013,20797.07,9.9426
4201406,2014,23202.63,10.052
4201406,2015,23552.86,10.067
4201406,2016,23671.7,10.072
4201406,2017,25703.87,10.1544
4201406,2018,27135.99,10.2086
4201406,2019,28450.43,10.2559
4202404,2009,27758.31,10.2313
4202404,2010,32378.36,10.3852
4202404,2011,35450.23,10.4759
4202404,2012,38279.59,10.5527
4202404,2013,39761.67,10.5907
4202404,2014,47560.93,10.7698
4202404,2015,45558.44,10.7268
4202404,2016,44821.16,10.7104
4202404,2017,45949.12,10.7353
4202404,2018,48122.5,10.7815
4202404,2019,48442.46,10.7881
4203006,2009,18233.94,9.811
4203006,2010,21603.88,9.9806
4203006,2011,24966.59,10.1253
4203006,2012,26523.79,10.1858
4203006,2013,34464.31,10.4477
4203006,2014,36168.8,10.496
4203006,2015,34145.7,10.4384
4203006,2016,35700.79,10.4829
4203006,2017,39756.53,10.5905
4203006,2018,42359.88,10.654
4203006,2019,44921.48,10.7127
4203204,2009,7953.35,8.9813
4203204,2010,9555.67,9.1649
4203204,2011,10533.29,9.2623
4203204,2012,11866.53,9.3815
4203204,2013,12129.75,9.4034
4203204,2014,14032.22,9.5491
4203204,2015,15134.39,9.6247
4203204,2016,15816.3,9.6688
4203204,2017,17159.43,9.7503
4203204,2018,18584.56,9.8301
4203204,2019,20277.95,9.9173
4204202,2009,20688.77,9.9373
4204202,2010,25542.25,10.1481
4204202,2011,28553.85,10.2595
4204202,2012,31097.38,10.3449
4204202,2013,34239.58,10.4411
4204202,2014,39498.11,10.584
4204202,2015,38615.23,10.5614
4204202,2016,39710.11,10.5894
4204202,2017,41697.45,10.6382
4204202,2018,44363.68,10.7002
4204202,2019,47721.3,10.7731
4204608,2009,17299.08,9.7584
4204608,2010,20236.89,9.9153
4204608,2011,24530.6,10.1077
4204608,2012,25643.93,10.1521
4204608,2013,27157.7,10.2094
4204608,2014,31023.03,10.3425
4204608,2015,33824.41,10.4289
4204608,2016,32984.24,10.4038
4204608,2017,33825.65,10.429
4204608,2018,36084.27,10.4936
4204608,2019,38197.48,10.5505
4205407,2009,23336.59,10.0578
4205407,2010,26995.14,10.2034
4205407,2011,29795.64,10.3021
4205407,2012,32197.54,10.3796
4205407,2013,33036.6,10.4054
4205407,2014,36652.32,10.5092
4205407,2015,37514.07,10.5325
4205407,2016,39055.99,10.5728
4205407,2017,40171.2,10.6009
4205407,2018,42719.93,10.6624
4205407,2019,43846.78,10.6885
4208203,2009,45855.98,10.7333
4208203,2010,56170.61,10.9361
4208203,2011,65433.25,11.0888
4208203,2012,71916.01,11.1833
4208203,2013,78287.24,11.2681
4208203,2014,89664.19,11.4038
4208203,2015,91139.17,11.4201
4208203,2016,92307.68,11.4329
4208203,2017,103154.53,11.544
4208203,2018,118070.48,11.679
4208203,2019,128497.16,11.7637
4208906,2009,34727.83,10.4553
4208906,2010,38734.59,10.5645
4208906,2011,44908.35,10.7124
4208906,2012,46139.69,10.7394
4208906,2013,49725.02,10.8143
4208906,2014,44058.47,10.6933
4208906,2015,48348.11,10.7862
4208906,2016,46434.96,10.7458
4208906,2017,49890.57,10.8176
4208906,2018,51629.47,10.8518
4208906,2019,55188.69,10.9185
4209300,2009,13283.04,9.4942
4209300,2010,17085.44,9.746
4209300,2011,18653.19,9.8338
4209300,2012,26076.73,10.1688
4209300,2013,22616.84,10.0265
4209300,2014,27571.28,10.2245
4209300,2015,29902.58,10.3057
4209300,2016,29940.26,10.307
4209300,2017,32021.01,10.3741
4209300,2018,32367.5,10.3849
4209300,2019,35347.74,10.473
4216602,2009,21570.84,9.9791
4216602,2010,24691.58,10.1142
4216602,2011,28426.22,10.2551
4216602,2012,30152.77,10.314
4216602,2013,34085.72,10.4366
4216602,2014,38155.03,10.5494
4216602,2015,39184.85,10.576
4216602,2016,41882.3,10.6426
4216602,2017,42285.67,10.6522
4216602,2018,43722.97,10.6856
4216602,2019,45755.54,10.7311
4218707,2009,17547.87,9.7727
4218707,2010,20378.51,9.9222
4218707,2011,23061.83,10.0459
4218707,2012,25429.32,10.1437
4218707,2013,27563.46,10.2242
4218707,2014,32496.54,10.3889
4218707,2015,31468.8,10.3568
4218707,2016,32850.61,10.3997
4218707,2017,33661.75,10.4241
4218707,2018,35894.77,10.4883
4218707,2019,37478.83,10.5315
4300604,2009,5211.52,8.5586
4300604,2010,6630.18,8.7994
4300604,2011,7822.67,8.9648
4300604,2012,8846.01,9.0877
4300604,2013,9765.91,9.1867
4300604,2014,10637.31,9.2721
4300604,2015,11332.09,9.3354
4300604,2016,12583.4,9.4401
4300604,2017,11964.61,9.3897
4300604,2018,12933.66,9.4676
4300604,2019,13575.9,9.5161
4301602,2009,9419.52,9.1505
4301602,2010,11071.2,9.3121
4301602,2011,11974.79,9.3906
4301602,2012,14150.13,9.5575
4301602,2013,17040.92,9.7434
4301602,2014,18366.06,9.8183
4301602,2015,21060.01,9.9551
4301602,2016,23332.43,10.0576
4301602,2017,23246.59,10.0539
4301602,2018,24642.82,10.1122
4301602,2019,26065.48,10.1684
4302808,2009,12384.12,9.4242
4302808,2010,12202.29,9.4094
4302808,2011,13439.99,9.506
4302808,2012,14568.34,9.5866
4302808,2013,18075.59,9.8023
4302808,2014,19187.34,9.862
4302808,2015,20927.02,9.9488
4302808,2016,22617.25,10.0265
4302808,2017,23439.89,10.0622
4302808,2018,24245.09,10.096
4302808,2019,25736.08,10.1556
4305108,2009,30669.18,10.331
4305108,2010,38687.59,10.5633
4305108,2011,42599.15,10.6596
4305108,2012,45088.37,10.7164
4305108,2013,45984.86,10.7361
4305108,2014,47682.48,10.7723
4305108,2015,43452.15,10.6794
4305108,2016,41878.73,10.6425
4305108,2017,45123.9,10.7172
4305108,2018,49140.25,10.8024
4305108,2019,52596.39,10.8704
4309209,2009,20782.35,9.9419
4309209,2010,27694.72,10.229
4309209,2011,31016.25,10.3423
4309209,2012,32462.43,10.3878
4309209,2013,37887.92,10.5424
4309209,2014,40239.21,10.6026
4309209,2015,35743.26,10.4841
4309209,2016,36975.03,10.518
4309209,2017,44756.84,10.709
4309209,2018,43234.61,10.6744
4309209,2019,44000.56,10.692
4310207,2009,15158.32,9.6263
4310207,2010,20482.44,9.9273
4310207,2011,26135.23,10.171
4310207,2012,29736.23,10.3001
4310207,2013,30705.38,10.3322
4310207,2014,31212.89,10.3486
4310207,2015,34167.31,10.439
4310207,2016,37268.87,10.5259
4310207,2017,37991.77,10.5451
4310207,2018,42106.97,10.648
4310207,2019,48904.41,10.7976
4313409,2009,17652.1,9.7786
4313409,2010,22285.87,10.0117
4313409,2011,25942.29,10.1636
4313409,2012,27246.74,10.2127
4313409,2013,28468.07,10.2565
4313409,2014,31444.06,10.356
4313409,2015,32660.48,10.3939
4313409,2016,33146.73,10.4087
4313409,2017,35751.47,10.4843
4313409,2018,38239.66,10.5516
4313409,2019,39581.74,10.5861
4314100,2009,17611.81,9.7763
4314100,2010,20898.43,9.9474
4314100,2011,24990.03,10.1262
4314100,2012,31771.36,10.3663
4314100,2013,37199.2,10.524
4314100,2014,37753.41,10.5388
4314100,2015,39733.81,10.59
4314100,2016,42177.06,10.6496
4314100,2017,43444.68,10.6792
4314100,2018,45352.52,10.7222
4314100,2019,48415.23,10.7876
4314407,2009,10214.32,9.2315
4314407,2010,12544.96,9.4371
4314407,2011,16014.25,9.6812
4314407,2012,17412.93,9.765
4314407,2013,17489.33,9.7693
4314407,2014,19465.28,9.8764
4314407,2015,21557.99,9.9785
4314407,2016,23579.82,10.0681
4314407,2017,24441.88,10.1041
4314407,2018,25912.63,10.1625
4314407,2019,27601.28,10.2256
4314902,2009,26002.28,10.1659
4314902,2010,29990.7,10.3086
4314902,2011,34171.95,10.4392
4314902,2012,38260.96,10.5522
4314902,2013,39460.23,10.583
4314902,2014,43456.95,10.6795
4314902,2015,46133.13,10.7393
4314902,2016,49111.38,10.8018
4314902,2017,49371.68,10.8071
4314902,2018,52181.5,10.8625
4314902,2019,55480.66,10.9238
4316907,2009,12809.46,9.4579
4316907,2010,15080.36,9.6211
4316907,2011,17430.02,9.7659
4316907,2012,19119.25,9.8585
4316907,2013,21043.4,9.9543
4316907,2014,23562.6,10.0674
4316907,2015,23026.71,10.0444
4316907,2016,24173.98,10.093
4316907,2017,25907.25,10.1623
4316907,2018,27802.11,10.2329
4316907,2019,31074.62,10.3441
4318705,2009,17636.94,9.7778
4318705,2010,20852.07,9.9452
4318705,2011,22038.69,10.0006
4318705,2012,24511.07,10.1069
4318705,2013,25997.56,10.1658
4318705,2014,29717.58,10.2995
4318705,2015,30351.56,10.3206
4318705,2016,31340.58,10.3527
4318705,2017,34351.56,10.4444
4318705,2018,38386.09,10.5555
4318705,2019,42657.21,10.661
5001102,2009,10006.23,9.211
5001102,2010,11540.15,9.3536
5001102,2011,12229.77,9.4116
5001102,2012,12895.57,9.4646
5001102,2013,14283.71,9.5669
5001102,2014,16270.67,9.6971
5001102,2015,17137.57,9.749
5001102,2016,18572.53,9.8294
5001102,2017,19334.99,9.8697
5001102,2018,19386.93,9.8724
5001102,2019,20073.8,9.9072
5002704,2009,16876.91,9.7337
5002704,2010,19452.76,9.8757
5002704,2011,22127.83,10.0046
5002704,2012,23787.23,10.0769
5002704,2013,24905.06,10.1228
5002704,2014,28255.84,10.2491
5002704,2015,28350.45,10.2524
5002704,2016,29458.83,10.2907
5002704,2017,30933.62,10.3396
5002704,2018,32941.82,10.4025
5002704,2019,33730.45,10.4262
5003207,2009,15310.59,9.6363
5003207,2010,18291.52,9.8142
5003207,2011,20315.15,9.9191
5003207,2012,23319.64,10.0571
5003207,2013,24829.0,10.1198
5003207,2014,28709.83,10.265
5003207,2015,25234.43,10.136
5003207,2016,24068.94,10.0887
5003207,2017,26114.73,10.1703
5003207,2018,27578.76,10.2248
5003207,2019,24960.25,10.125
5003306,2009,13986.91,9.5459
5003306,2010,16281.2,9.6978
5003306,2011,17862.24,9.7904
5003306,2012,18981.76,9.8512
5003306,2013,20386.76,9.9226
5003306,2014,22953.85,10.0412
5003306,2015,23753.52,10.0755
5003306,2016,24581.72,10.1098
5003306,2017,25208.14,10.1349
5003306,2018,26818.95,10.1969
5003306,2019,26685.0,10.1919
5003702,2009,17024.46,9.7424
5003702,2010,19400.29,9.873
5003702,2011,24190.67,10.0937
5003702,2012,27244.31,10.2126
5003702,2013,27098.98,10.2073
5003702,2014,33096.34,10.4072
5003702,2015,34271.65,10.4421
5003702,2016,36325.3,10.5003
5003702,2017,38197.49,10.5505
5003702,2018,38427.67,10.5565
5003702,2019,42505.96,10.6574
5003801,2009,9167.39,9.1234
5003801,2010,10209.01,9.231
5003801,2011,13036.21,9.4755
5003801,2012,13708.26,9.5258
5003801,2013,16065.47,9.6844
5003801,2014,17110.4,9.7474
5003801,2015,18589.96,9.8304
5003801,2016,21015.36,9.953
5003801,2017,24540.17,10.1081
5003801,2018,25939.64,10.1635
5003801,2019,25693.31,10.154
5005004,2009,9495.78,9.1586
5005004,2010,10752.86,9.2829
5005004,2011,12289.81,9.4165
5005004,2012,13514.68,9.5115
5005004,2013,15060.88,9.6199
5005004,2014,17394.15,9.7639
5005004,2015,17925.73,9.794
5005004,2016,20787.41,9.9421
5005004,2017,20512.27,9.9288
5005004,2018,23317.17,10.0569
5005004,2019,22873.01,10.0377
5005707,2009,15944.79,9.6769
5005707,2010,17412.41,9.7649
5005707,2011,21054.27,9.9549
5005707,2012,23106.01,10.0478
5005707,2013,23964.0,10.0843
5005707,2014,26641.26,10.1902
5005707,2015,26301.76,10.1774
5005707,2016,28756.11,10.2666
5005707,2017,27845.25,10.2344
5005707,2018,34044.44,10.4354
5005707,2019,34781.92,10.4569
5006200,2009,14948.21,9.6123
5006200,2010,18742.97,9.8386
5006200,2011,23725.38,10.0743
5006200,2012,26231.06,10.1747
5006200,2013,28676.08,10.2638
5006200,2014,33892.88,10.431
5006200,2015,30851.94,10.337
5006200,2016,35250.52,10.4702
5006200,2017,38165.45,10.5497
5006200,2018,39156.14,10.5753
5006200,2019,39723.07,10.5897
5006309,2009,12938.18,9.4679
5006309,2010,15175.19,9.6274
5006309,2011,17157.87,9.7502
5006309,2012,18431.52,9.8218
5006309,2013,21174.04,9.9605
5006309,2014,24461.69,10.1049
5006309,2015,26659.04,10.1909
5006309,2016,28149.4,10.2453
5006309,2017,28562.02,10.2598
5006309,2018,31362.87,10.3534
5006309,2019,32585.44,10.3916
5006606,2009,12121.61,9.4027
5006606,2010,13543.61,9.5137
5006606,2011,16495.68,9.7109
5006606,2012,19013.54,9.8529
5006606,2013,21322.36,9.9675
5006606,2014,24529.07,10.1076
5006606,2015,26033.03,10.1671
5006606,2016,29307.55,10.2856
5006606,2017,29490.41,10.2918
5006606,2018,33621.62,10.4229
5006606,2019,34797.86,10.4573
5008305,2009,31588.69,10.3606
5008305,2010,40585.54,10.6112
5008305,2011,42418.41,10.6553
5008305,2012,47997.58,10.7789
5008305,2013,59237.51,10.9893
5008305,2014,64857.24,11.0799
5008305,2015,69237.58,11.1453
5008305,2016,79902.02,11.2886
5008305,2017,86278.05,11.3653
5008305,2018,96635.76,11.4787
5008305,2019,85304.88,11.354
5101803,2009,14751.34,9.5991
5101803,2010,15752.54,9.6648
5101803,2011,18446.94,9.8227
5101803,2012,19315.19,9.8686
5101803,2013,21145.25,9.9592
5101803,2014,23877.38,10.0807
5101803,2015,26560.16,10.1872
5101803,2016,29781.8,10.3017
5101803,2017,29755.33,10.3008
5101803,2018,32227.07,10.3806
5101803,2019,34656.41,10.4532
5102504,2009,9272.09,9.1348
5102504,2010,10199.81,9.2301
5102504,2011,11474.79,9.3479
5102504,2012,12556.44,9.438
5102504,2013,13344.57,9.4989
5102504,2014,15763.77,9.6655
5102504,2015,17169.87,9.7509
5102504,2016,18870.73,9.8454
5102504,2017,19900.52,9.8985
5102504,2018,20104.68,9.9087
5102504,2019,20259.8,9.9164
5103403,2009,20087.05,9.9078
5103403,2010,22661.91,10.0284
5103403,2011,24159.8,10.0924
5103403,2012,28426.67,10.2551
5103403,2013,30638.98,10.33
5103403,2014,35644.44,10.4813
5103403,2015,36566.9,10.5069
5103403,2016,37950.89,10.544
5103403,2017,39496.82,10.584
5103403,2018,39593.92,10.5864
5103403,2019,40184.94,10.6012
5107602,2009,24829.7,10.1198
5107602,2010,25343.87,10.1403
5107602,2011,27697.71,10.2291
5107602,2012,27316.14,10.2152
5107602,2013,32388.6,10.3856
5107602,2014,36100.03,10.494
5107602,2015,38674.7,10.5629
5107602,2016,43348.43,10.677
5107602,2017,43198.78,10.6736
5107602,2018,47113.58,10.7603
5107602,2019,48841.63,10.7963
5107958,2009,16548.55,9.7141
5107958,2010,17506.73,9.7703
5107958,2011,19425.38,9.8743
5107958,2012,20532.41,9.9298
5107958,2013,23012.69,10.0438
5107958,2014,24764.25,10.1172
5107958,2015,26336.68,10.1787
5107958,2016,30627.03,10.3296
5107958,2017,30517.2,10.326
5107958,2018,31833.48,10.3683
5107958,2019,33024.73,10.405
5108402,2009,13835.32,9.535
5108402,2010,15776.69,9.6663
5108402,2011,17395.56,9.764
5108402,2012,18988.8,9.8516
5108402,2013,20106.72,9.9088
5108402,2014,22217.82,10.0086
5108402,2015,23336.88,10.0578
5108402,2016,26947.43,10.2016
5108402,2017,28814.9,10.2686
5108402,2018,28962.24,10.2737
5108402,2019,29976.67,10.3082
5200258,2009,4283.57,8.3625
5200258,2010,5005.95,8.5184
5200258,2011,5479.67,8.6088
5200258,2012,6379.68,8.7609
5200258,2013,6945.37,8.8458
5200258,2014,7836.24,8.9665
5200258,2015,8250.14,9.018
5200258,2016,8499.41,9.0478
5200258,2017,9110.55,9.1172
5200258,2018,9125.18,9.1188
5200258,2019,9523.59,9.1615
5201108,2009,26150.62,10.1716
5201108,2010,32796.02,10.3981
5201108,2011,34716.64,10.455
5201108,2012,33728.94,10.4261
5201108,2013,33245.37,10.4117
5201108,2014,35152.18,10.4674
5201108,2015,36293.81,10.4994
5201108,2016,34657.21,10.4533
5201108,2017,37882.06,10.5422
5201108,2018,37104.8,10.5215
5201108,2019,36430.11,10.5032
5201405,2009,9886.53,9.1989
5201405,2010,11904.49,9.3847
5201405,2011,15605.86,9.6554
5201405,2012,17666.87,9.7794
5201405,2013,19394.45,9.8727
5201405,2014,22837.32,10.0362
5201405,2015,22081.12,10.0025
5201405,2016,22104.12,10.0035
5201405,2017,23774.8,10.0764
5201405,2018,23254.48,10.0543
5201405,2019,23782.62,10.0767
5204508,2009,16060.0,9.6841
5204508,2010,17148.37,9.7497
5204508,2011,19992.94,9.9031
5204508,2012,21957.75,9.9969
5204508,2013,22429.75,10.0181
5204508,2014,24717.26,10.1153
5204508,2015,27215.79,10.2116
5204508,2016,26651.18,10.1906
5204508,2017,27534.56,10.2232
5204508,2018,29460.95,10.2908
5204508,2019,30086.68,10.3118
5205109,2009,57956.55,10.9674
5205109,2010,59231.28,10.9892
5205109,2011,59256.49,10.9896
5205109,2012,72931.17,11.1973
5205109,2013,64705.47,11.0776
5205109,2014,59075.89,10.9866
5205109,2015,57498.68,10.9595
5205109,2016,56143.89,10.9357
5205109,2017,60886.97,11.0168
5205109,2018,61833.98,11.0322
5205109,2019,63103.22,11.0525
5208004,2009,8892.88,9.093
5208004,2010,10968.3,9.3028
5208004,2011,12230.32,9.4117
5208004,2012,14145.58,9.5572
5208004,2013,14360.0,9.5722
5208004,2014,15547.92,9.6517
5208004,2015,17239.25,9.7549
5208004,2016,18413.22,9.8208
5208004,2017,19925.92,9.8998
5208004,2018,18844.53,9.844
5208004,2019,20265.78,9.9167
5208608,2009,9649.89,9.1747
5208608,2010,11559.98,9.3553
5208608,2011,12637.17,9.4444
5208608,2012,13662.19,9.5224
5208608,2013,15098.92,9.6224
5208608,2014,16141.13,9.6891
5208608,2015,16703.0,9.7233
5208608,2016,18950.14,9.8496
5208608,2017,19663.99,9.8865
5208608,2018,21135.42,9.9587
5208608,2019,22165.62,10.0063
5208707,2009,19618.57,9.8842
5208707,2010,22335.87,10.0139
5208707,2011,25172.92,10.1335
5208707,2012,28090.09,10.2432
5208707,2013,28834.22,10.2693
5208707,2014,32718.0,10.3957
5208707,2015,32593.34,10.3919
5208707,2016,32176.9,10.379
5208707,2017,33455.43,10.418
5208707,2018,32992.87,10.404
5208707,2019,34943.35,10.4615
5211503,2009,22380.66,10.016
5211503,2010,24323.8,10.0992
5211503,2011,27673.97,10.2282
5211503,2012,35757.21,10.4845
5211503,2013,36656.76,10.5094
5211503,2014,38763.45,10.5652
5211503,2015,39500.09,10.5841
5211503,2016,39909.62,10.5944
5211503,2017,40534.73,10.6099
5211503,2018,37865.16,10.5418
5211503,2019,40261.43,10.6031
5212501,2009,10218.6,9.232
5212501,2010,11195.07,9.3232
5212501,2011,13487.28,9.5095
5212501,2012,15202.01,9.6292
5212501,2013,16499.43,9.7111
5212501,2014,16190.13,9.6922
5212501,2015,17284.12,9.7575
5212501,2016,17626.83,9.7772
5212501,2017,16997.23,9.7408
5212501,2018,18821.34,9.8427
5212501,2019,19628.91,9.8848
5213103,2009,19981.34,9.9026
5213103,2010,22933.86,10.0404
5213103,2011,23493.57,10.0645
5213103,2012,27961.79,10.2386
5213103,2013,30803.9,10.3354
5213103,2014,32394.6,10.3857
5213103,2015,33786.17,10.4278
5213103,2016,37706.25,10.5376
5213103,2017,38470.36,10.5576
5213103,2018,38424.4,10.5564
5213103,2019,36365.17,10.5014
5215231,2009,4841.52,8.485
5215231,2010,5042.61,8.5257
5215231,2011,5677.79,8.6443
5215231,2012,6123.88,8.72
5215231,2013,6648.65,8.8022
5215231,2014,7170.35,8.8777
5215231,2015,7478.03,8.9197
5215231,2016,7508.77,8.9238
5215231,2017,8378.66,9.0334
5215231,2018,8364.07,9.0317
5215231,2019,8740.92,9.0758
5218003,2009,9980.36,9.2084
5218003,2010,11277.93,9.3306
5218003,2011,12345.59,9.4211
5218003,2012,14604.54,9.5891
5218003,2013,15866.89,9.672
5218003,2014,18262.02,9.8126
5218003,2015,18576.25,9.8296
5218003,2016,18716.17,9.8371
5218003,2017,20350.78,9.9209
5218003,2018,20755.6,9.9406
5218003,2019,20579.09,9.932
5220454,2009,11454.7,9.3462
5220454,2010,12284.46,9.4161
5220454,2011,13943.48,9.5428
5220454,2012,17546.2,9.7726
5220454,2013,21514.19,9.9765
5220454,2014,24513.13,10.107
5220454,2015,26766.65,10.1949
5220454,2016,31022.74,10.3425
5220454,2017,32079.06,10.376
5220454,2018,31432.49,10.3556
5220454,2019,31860.64,10.3691
5221403,2009,7968.46,8.9832
5221403,2010,9740.33,9.184
5221403,2011,10526.91,9.2617
5221403,2012,11758.03,9.3723
5221403,2013,12656.17,9.4459
5221403,2014,13960.33,9.544
5221403,2015,16139.78,9.689
5221403,2016,16059.04,9.684
5221403,2017,17031.41,9.7428
5221403,2018,16260.68,9.6965
5221403,2019,17590.97,9.7751
5221858,2009,6796.41,8.8241
5221858,2010,8617.62,9.0616
5221858,2011,10198.85,9.23
5221858,2012,11151.64,9.3193
5221858,2013,11165.47,9.3206
5221858,2014,13210.69,9.4888
5221858,2015,14062.61,9.5513
5221858,2016,14676.0,9.594
5221858,2017,15632.37,9.6571
5221858,2018,15336.57,9.638
5221858,2019,16211.61,9.6935
5300108,2009,47690.54,10.7725
5300108,2010,55272.11,10.92
5300108,2011,59221.87,10.989
5300108,2012,61959.36,11.0342
5300108,2013,63054.41,11.0518
5300108,2014,69216.8,11.145
5300108,2015,73970.99,11.2114
5300108,2016,79114.19,11.2786
5300108,2017,80515.47,11.2962
5300108,2018,85661.39,11.3582
5300108,2019,90742.75,11.4158
