id_municipio,ano,populacao
1100023,2009,85541
1100023,2010,88556
1100023,2011,91570
1100023,2012,92747
1100023,2013,101269
1100023,2014,102860
1100023,2015,104401
1100023,2016,105896
1100023,2017,107345
1100023,2018,106168
1100023,2019,107863
1100049,2009,78675
1100049,2010,78817
1100049,2011,78959
1100049,2012,79330
1100049,2013,85863
1100049,2014,86556
1100049,2015,87226
1100049,2016,87877
1100049,2017,88507
1100049,2018,84813
1100049,2019,85359
1100106,2009,40762
1100106,2010,41348
1100106,2011,41934
1100106,2012,42202
1100106,2013,45761
1100106,2014,46203
1100106,2015,46632
1100106,2016,47048
1100106,2017,47451
1100106,2018,45783
1100106,2019,46174
1100114,2009,53943
1100114,2010,52913
1100114,2011,51883
1100114,2012,51765
1100114,2013,55597
1100114,2014,55669
1100114,2015,55738
1100114,2016,55806
1100114,2017,55871
1100114,2018,51933
1100114,2019,51775
1100122,2009,111010
1100122,2010,114186
1100122,2011,117363
1100122,2012,118092
1100122,2013,128026
1100122,2014,129242
1100122,2015,130419
1100122,2016,131560
1100122,2017,132667
1100122,2018,127907
1100122,2019,128969
1100205,2009,382829
1100205,2010,409280
1100205,2011,435732
1100205,2012,442701
1100205,2013,484992
1100205,2014,494013
1100205,2015,502748
1100205,2016,511219
1100205,2017,519436
1100205,2018,519531
1100205,2019,529544
1100288,2009,50499
1100288,2010,50699
1100288,2011,50899
1100288,2012,51142
1100288,2013,55357
1100288,2014,55807
1100288,2015,56242
1100288,2016,56664
1100288,2017,57074
1100288,2018,54702
1100288,2019,55058
1100304,2009,69866
1100304,2010,73902
1100304,2011,77937
1100304,2012,79616
1100304,2013,87727
1100304,2014,89797
1100304,2015,91801
1100304,2016,93745
1100304,2017,95630
1100304,2018,97448
1100304,2019,99854
1302603,2009,1738641
1302603,2010,1785532
1302603,2011,1832424
1302603,2012,1861838
1302603,2013,1982177
1302603,2014,2020301
1302603,2015,2057711
1302603,2016,2094391
1302603,2017,2130264
1302603,2018,2145444
1302603,2019,2182763
1500107,2009,139819
1500107,2010,141302
1500107,2011,142785
1500107,2012,144415
1500107,2013,147267
1500107,2014,148873
1500107,2015,150431
1500107,2016,151934
1500107,2017,153380
1500107,2018,156292
1500107,2019,157698
1500602,2009,98750
1500602,2010,99743
1500602,2011,100736
1500602,2012,102343
1500602,2013,105106
1500602,2014,106768
1500602,2015,108382
1500602,2016,109938
1500602,2017,111435
1500602,2018,113195
1500602,2019,114594
1500800,2009,505512
1500800,2010,491756
1500800,2011,477999
1500800,2012,483821
1500800,2013,493976
1500800,2014,499776
1500800,2015,505404
1500800,2016,510834
1500800,2017,516057
1500800,2018,525566
1500800,2019,530598
1501402,2009,1437600
1501402,2010,1419828
1501402,2011,1402056
1501402,2012,1410430
1501402,2013,1425922
1501402,2014,1432844
1501402,2015,1439561
1501402,2016,1446042
1501402,2017,1452275
1501402,2018,1485732
1501402,2019,1492745
1501709,2009,107060
1501709,2010,110890
1501709,2011,114720
1501709,2012,116164
1501709,2013,118678
1501709,2014,120124
1501709,2015,121528
1501709,2016,122881
1501709,2017,124184
1501709,2018,126436
1501709,2019,127686
1501808,2009,101094
1501808,2010,97464
1501808,2011,93835
1501808,2012,94779
1501808,2013,96444
1501808,2014,97351
1501808,2015,98231
1501808,2016,99080
1501808,2017,99896
1501808,2018,101891
1501808,2019,102701
1502202,2009,64429
1502202,2010,64284
1502202,2011,64140
1502202,2012,64624
1502202,2013,65498
1502202,2014,65932
1502202,2015,66353
1502202,2016,66759
1502202,2017,67150
1502202,2018,68616
1502202,2019,69027
1502400,2009,161497
1502400,2010,168806
1502400,2011,176116
1502400,2012,178986
1502400,2013,183917
1502400,2014,186895
1502400,2015,189784
1502400,2016,192571
1502400,2017,195253
1502400,2018,198294
1502400,2019,200793
1503606,2009,127848
1503606,2010,112776
1503606,2011,97704
1503606,2012,97908
1503606,2013,98363
1503606,2014,98405
1503606,2015,98446
1503606,2016,98485
1503606,2017,98523
1503606,2018,101097
1503606,2019,101247
1504208,2009,203049
1504208,2010,220878
1504208,2011,238708
1504208,2012,243583
1504208,2013,251885
1504208,2014,257062
1504208,2015,262085
1504208,2016,266932
1504208,2017,271594
1504208,2018,275086
1504208,2019,279349
1505502,2009,97350
1505502,2010,98405
1505502,2011,99460
1505502,2012,101046
1505502,2013,103775
1505502,2014,105417
1505502,2015,107010
1505502,2016,108547
1505502,2017,110026
1505502,2018,111764
1505502,2019,113145
1506138,2009,67064
1506138,2010,71782
1506138,2011,76501
1506138,2012,77415
1506138,2013,79010
1506138,2014,79917
1506138,2015,80797
1506138,2016,81647
1506138,2017,82464
1506138,2018,83997
1506138,2019,84787
1507904,2009,22459
1507904,2010,22847
1507904,2011,23235
1507904,2012,23461
1507904,2013,23861
1507904,2014,24076
1507904,2015,24286
1507904,2016,24488
1507904,2017,24682
1507904,2018,25181
1507904,2019,25374
1508100,2009,96010
1508100,2010,97464
1508100,2011,98919
1508100,2012,100651
1508100,2013,103619
1508100,2014,105431
1508100,2015,107189
1508100,2016,108885
1508100,2017,110516
1508100,2018,112148
1508100,2019,113659
1600279,2009,40357
1600279,2010,40588
1600279,2011,40820
1600279,2012,41668
1600279,2013,43832
1600279,2014,44777
1600279,2015,45712
1600279,2016,46639
1600279,2017,47554
1600279,2018,49446
1600279,2019,50410
1600303,2009,366484
1600303,2010,386754
1600303,2011,407023
1600303,2012,415554
1600303,2013,437256
1600303,2014,446757
1600303,2015,456171
1600303,2016,465495
1600303,2017,474706
1600303,2018,493634
1600303,2019,503327
1702109,2009,119637
1702109,2010,136494
1702109,2011,153351
1702109,2012,156123
1702109,2013,164093
1702109,2014,167176
1702109,2015,170183
1702109,2016,173112
1702109,2017,175960
1702109,2018,177517
1702109,2019,180470
1702208,2009,26771
1702208,2010,29254
1702208,2011,31738
1702208,2012,32133
1702208,2013,33524
1702208,2014,33963
1702208,2015,34392
1702208,2016,34810
1702208,2017,35216
1702208,2018,35346
1702208,2019,35761
1702406,2009,10913
1702406,2010,10766
1702406,2011,10619
1702406,2012,10594
1702406,2013,10833
1702406,2014,10805
1702406,2015,10778
1702406,2016,10752
1702406,2017,10727
1702406,2018,10601
1702406,2019,10567
1702554,2009,15469
1702554,2010,15824
1702554,2011,16180
1702554,2012,16401
1702554,2013,17140
1702554,2014,17386
1702554,2015,17627
1702554,2016,17861
1702554,2017,18089
1702554,2018,18178
1702554,2019,18412
1705508,2009,30666
1705508,2010,30964
1705508,2011,31263
1705508,2012,31675
1705508,2013,33078
1705508,2014,33535
1705508,2015,33981
1705508,2016,34416
1705508,2017,34839
1705508,2018,34990
1705508,2019,35424
1707009,2009,19524
1707009,2010,19460
1707009,2011,19395
1707009,2012,19669
1707009,2013,20566
1707009,2014,20870
1707009,2015,21167
1707009,2016,21457
1707009,2017,21738
1707009,2018,21850
1707009,2019,22139
1709302,2009,22530
1709302,2010,22988
1709302,2011,23445
1709302,2012,23681
1709302,2013,24629
1709302,2014,24892
1709302,2015,25149
1709302,2016,25399
1709302,2017,25642
1709302,2018,25677
1709302,2019,25923
1709500,2009,74357
1709500,2010,76006
1709500,2011,77655
1709500,2012,78525
1709500,2013,81792
1709500,2014,82762
1709500,2015,83707
1709500,2016,84628
1709500,2017,85523
1709500,2018,85737
1709500,2019,86647
1713205,2009,19740
1713205,2010,20068
1713205,2011,20396
1713205,2012,20117
1713205,2013,20243
1713205,2014,19934
1713205,2015,19634
1713205,2016,19340
1713205,2017,19055
1713205,2018,18566
1713205,2019,18248
1716109,2009,42015
1716109,2010,43534
1716109,2011,45054
1716109,2012,45669
1716109,2013,47724
1716109,2014,48409
1716109,2015,49076
1716109,2016,49727
1716109,2017,50360
1716109,2018,50602
1716109,2019,51252
1718204,2009,46722
1718204,2010,48094
1718204,2011,49465
1718204,2012,49774
1718204,2013,51501
1718204,2014,51846
1718204,2015,52182
1718204,2016,52510
1718204,2017,52828
1718204,2018,52700
1718204,2019,53010
1721000,2009,188645
1721000,2010,211980
1721000,2011,235316
1721000,2012,242070
1721000,2013,257904
1721000,2014,265409
1721000,2015,272726
1721000,2016,279856
1721000,2017,286787
1721000,2018,291855
1721000,2019,299127
1721208,2009,21826
1721208,2010,22216
1721208,2011,22607
1721208,2012,22596
1721208,2013,23165
1721208,2014,23153
1721208,2015,23141
1721208,2016,23130
1721208,2017,23119
1721208,2018,22896
1721208,2019,22870
2100055,2009,101130
2100055,2010,103192
2100055,2011,105255
2100055,2012,106422
2100055,2013,107790
2100055,2014,108765
2100055,2015,109685
2100055,2016,110543
2100055,2017,111339
2100055,2018,111757
2100055,2019,112445
2101202,2009,98489
2101202,2010,99552
2101202,2011,100615
2101202,2012,101195
2101202,2013,101851
2101202,2014,102265
2101202,2015,102656
2101202,2016,103020
2101202,2017,103359
2101202,2018,104633
2101202,2019,104949
2101400,2009,83617
2101400,2010,84470
2101400,2011,85322
2101400,2012,87057
2101400,2013,89126
2101400,2014,90679
2101400,2015,92144
2101400,2016,93511
2101400,2017,94779
2101400,2018,93826
2101400,2019,94887
2101608,2009,81329
2101608,2010,82392
2101608,2011,83454
2101608,2012,84180
2101608,2013,85022
2101608,2014,85603
2101608,2015,86151
2101608,2016,86662
2101608,2017,87135
2101608,2018,87794
2101608,2019,88212
2103000,2009,148072
2103000,2010,152200
2103000,2011,156327
2103000,2012,158059
2103000,2013,159396
2103000,2014,160291
2103000,2015,161137
2103000,2016,161926
2103000,2017,162657
2103000,2018,164224
2103000,2019,164880
2103208,2009,70537
2103208,2010,72406
2103208,2011,74274
2103208,2012,75167
2103208,2013,76217
2103208,2014,76972
2103208,2015,77684
2103208,2016,78348
2103208,2017,78965
2103208,2018,79145
2103208,2019,79675
2103307,2009,113937
2103307,2010,116252
2103307,2011,118568
2103307,2012,119079
2103307,2013,119641
2103307,2014,119962
2103307,2015,120265
2103307,2016,120548
2103307,2017,120810
2103307,2018,122597
2103307,2019,122859
2105302,2009,236691
2105302,2010,242748
2105302,2011,248806
2105302,2012,250063
2105302,2013,251468
2105302,2014,252320
2105302,2015,253123
2105302,2016,253873
2105302,2017,254569
2105302,2018,258016
2105302,2019,258682
2105401,2009,56810
2105401,2010,59917
2105401,2011,63024
2105401,2012,63907
2105401,2013,64951
2105401,2014,65713
2105401,2015,66433
2105401,2016,67104
2105401,2017,67726
2105401,2018,67673
2105401,2019,68203
2108207,2009,38934
2108207,2010,39176
2108207,2011,39419
2108207,2012,39391
2108207,2013,39337
2108207,2014,38582
2108207,2015,38506
2108207,2016,38433
2108207,2017,38365
2108207,2018,39267
2108207,2019,39229
2108603,2009,77182
2108603,2010,78029
2108603,2011,78876
2108603,2012,79566
2108603,2013,80365
2108603,2014,80917
2108603,2015,81438
2108603,2016,81924
2108603,2017,82374
2108603,2018,82990
2108603,2019,83387
2109106,2009,41303
2109106,2010,43229
2109106,2011,45155
2109106,2012,45564
2109106,2013,46039
2109106,2014,46369
2109106,2015,46680
2109106,2016,46970
2109106,2017,47239
2109106,2018,47567
2109106,2019,47804
2109601,2009,39627
2109601,2010,39828
2109601,2011,40030
2109601,2012,40469
2109601,2013,40983
2109601,2014,41349
2109601,2015,41694
2109601,2016,42016
2109601,2017,42314
2109601,2018,42482
2109601,2019,42740
2109908,2009,85701
2109908,2010,81860
2109908,2011,78020
2109908,2012,78733
2109908,2013,82106
2109908,2014,82680
2109908,2015,83238
2109908,2016,83759
2109908,2017,88013
2109908,2018,88590
2109908,2019,89044
2111102,2009,24357
2111102,2010,24642
2111102,2011,24927
2111102,2012,25056
2111102,2013,25199
2111102,2014,25287
2111102,2015,25371
2111102,2016,25448
2111102,2017,25520
2111102,2018,25860
2111102,2019,25929
2111300,2009,997098
2111300,2010,1012264
2111300,2011,1027430
2111300,2012,1039610
2111300,2013,1053922
2111300,2014,1064197
2111300,2015,1073893
2111300,2016,1082935
2111300,2017,1091868
2111300,2018,1094667
2111300,2019,1101884
2112209,2009,150635
2112209,2010,154036
2112209,2011,157438
2112209,2012,159471
2112209,2013,161721
2112209,2014,163342
2112209,2015,164869
2112209,2016,166295
2112209,2017,167619
2112209,2018,167973
2112209,2019,169107
2112803,2009,49348
2112803,2010,49616
2112803,2011,49883
2112803,2012,50257
2112803,2013,50687
2112803,2014,50976
2112803,2015,51249
2112803,2016,51503
2112803,2017,51738
2112803,2018,52229
2112803,2019,52441
2114007,2009,46265
2114007,2010,48940
2114007,2011,51615
2114007,2012,49355
2114007,2013,49848
2114007,2014,50190
2114007,2015,50507
2114007,2016,50806
2114007,2017,51084
2114007,2018,51471
2114007,2019,51714
2211001,2009,802537
2211001,2010,812450
2211001,2011,822364
2211001,2012,830231
2211001,2013,836475
2211001,2014,840600
2211001,2015,844245
2211001,2016,847430
2211001,2017,850198
2211001,2018,861442
2211001,2019,864845
2303709,2009,334364
2303709,2010,332610
2303709,2011,330855
2303709,2012,336091
2303709,2013,344936
2303709,2014,349526
2303709,2015,353932
2303709,2016,358164
2303709,2017,362223
2303709,2018,363982
2303709,2019,361400
2304202,2009,116759
2304202,2010,119738
2304202,2011,122717
2304202,2012,123963
2304202,2013,126591
2304202,2014,127657
2304202,2015,128680
2304202,2016,129662
2304202,2017,130604
2304202,2018,131372
2304202,2019,132123
2304400,2009,2505552
2304400,2010,2491070
2304400,2011,2476589
2304400,2012,2500194
2304400,2013,2551806
2304400,2014,2571896
2304400,2015,2591188
2304400,2016,2609716
2304400,2017,2627482
2304400,2018,2643247
2304400,2019,2669342
2305407,2009,65612
2305407,2010,65647
2305407,2011,65682
2305407,2012,65900
2305407,2013,66885
2305407,2014,67045
2305407,2015,67198
2305407,2016,67345
2305407,2017,67486
2305407,2018,67972
2305407,2019,68018
2305506,2009,97203
2305506,2010,97267
2305506,2011,97331
2305506,2012,98138
2305506,2013,100053
2305506,2014,100733
2305506,2015,101386
2305506,2016,102013
2305506,2017,102614
2305506,2018,103255
2305506,2019,102498
2307304,2009,249829
2307304,2010,251335
2307304,2011,252841
2307304,2012,255648
2307304,2013,261289
2307304,2014,263704
2307304,2015,266022
2307304,2016,268248
2307304,2017,270383
2307304,2018,271926
2307304,2019,274207
2307650,2009,201693
2307650,2010,206480
2307650,2011,211267
2307650,2012,213404
2307650,2013,217922
2307650,2014,219749
2307650,2015,221504
2307650,2016,223188
2307650,2017,224804
2307650,2018,226128
2307650,2019,227886
2309706,2009,71839
2309706,2010,72860
2309706,2011,73881
2309706,2012,75411
2309706,2013,77723
2309706,2014,79077
2309706,2015,80378
2309706,2016,81627
2309706,2017,82824
2309706,2018,83157
2309706,2019,83432
2311306,2009,80447
2311306,2010,80946
2311306,2011,81445
2311306,2012,82258
2311306,2013,83990
2311306,2014,84684
2311306,2015,85351
2311306,2016,85991
2311306,2017,86605
2311306,2018,87116
2311306,2019,87728
2312908,2009,182431
2312908,2010,186578
2312908,2011,190724
2312908,2012,193134
2312908,2013,197663
2312908,2014,199750
2312908,2015,201756
2312908,2016,203682
2312908,2017,205529
2312908,2018,206644
2312908,2019,208935
2402006,2009,63006
2402006,2010,63077
2402006,2011,63148
2402006,2012,63571
2402006,2013,66246
2402006,2014,66759
2402006,2015,67259
2402006,2016,67747
2402006,2017,68222
2402006,2018,67554
2402006,2019,67952
2403251,2009,184222
2403251,2010,196324
2403251,2011,208426
2403251,2012,214199
2403251,2013,229414
2403251,2014,235983
2403251,2015,242384
2403251,2016,248623
2403251,2017,254709
2403251,2018,255793
2403251,2019,261469
2408102,2009,806203
2408102,2010,808492
2408102,2011,810780
2408102,2012,817590
2408102,2013,853928
2408102,2014,862044
2408102,2015,869954
2408102,2016,877662
2408102,2017,885180
2408102,2018,877640
2408102,2019,884122
2503704,2009,57875
2503704,2010,58334
2503704,2011,58794
2503704,2012,59130
2503704,2013,60612
2503704,2014,61030
2503704,2015,61431
2503704,2016,61816
2503704,2017,62187
2503704,2018,61776
2503704,2019,61993
2506301,2009,56136
2506301,2010,55896
2506301,2011,55657
2506301,2012,55977
2506301,2013,57383
2506301,2014,57780
2506301,2015,58162
2506301,2016,58529
2506301,2017,58881
2506301,2018,58492
2506301,2019,58833
2507507,2009,702235
2507507,2010,717695
2507507,2011,733155
2507507,2012,742478
2507507,2013,769607
2507507,2014,780738
2507507,2015,791438
2507507,2016,801718
2507507,2017,811598
2507507,2018,800323
2507507,2019,809015
2510808,2009,100732
2510808,2010,101046
2510808,2011,101359
2510808,2012,102020
2510808,2013,104716
2510808,2014,105531
2510808,2015,106314
2510808,2016,107067
2510808,2017,107790
2510808,2018,106984
2510808,2019,107605
2602902,2009,171583
2602902,2010,179371
2602902,2011,187159
2602902,2012,189222
2602902,2013,196152
2602902,2014,198383
2602902,2015,200546
2602902,2016,202636
2602902,2017,204653
2602902,2018,205112
2602902,2019,207048
2604106,2009,298501
2604106,2010,309040
2604106,2011,319580
2604106,2012,324095
2604106,2013,337416
2604106,2014,342328
2604106,2015,347088
2604106,2016,351686
2604106,2017,356128
2604106,2018,356872
2604106,2019,361118
2606002,2009,131313
2606002,2010,130808
2606002,2011,130303
2606002,2012,131169
2606002,2013,135138
2606002,2014,136057
2606002,2015,136949
2606002,2016,137810
2606002,2017,138642
2606002,2018,138983
2606002,2019,139788
2610707,2009,319373
2610707,2010,311387
2610707,2011,303401
2610707,2012,306239
2610707,2013,316714
2610707,2014,319769
2610707,2015,322730
2610707,2016,325590
2610707,2017,328353
2610707,2018,329117
2610707,2019,331774
2611101,2009,281851
2611101,2010,290802
2611101,2011,299752
2611101,2012,305352
2611101,2013,319893
2611101,2014,326017
2611101,2015,331951
2611101,2016,337683
2611101,2017,343219
2611101,2018,343865
2611101,2019,349145
2614501,2009,56795
2614501,2010,57970
2614501,2011,59144
2614501,2012,59751
2614501,2013,61875
2614501,2014,62530
2614501,2015,63166
2614501,2016,63780
2614501,2017,64373
2614501,2018,64520
2614501,2019,65089
2616407,2009,126399
2616407,2010,128662
2616407,2011,130924
2616407,2012,129907
2616407,2013,133907
2616407,2014,134871
2616407,2015,135805
2616407,2016,136706
2616407,2017,137578
2616407,2018,137915
2616407,2019,138757
2700300,2009,210521
2700300,2010,213314
2700300,2011,216108
2700300,2012,218140
2700300,2013,227640
2700300,2014,229329
2700300,2015,231053
2700300,2016,232671
2700300,2017,234185
2700300,2018,230417
2700300,2019,231747
2704302,2009,936314
2704302,2010,939712
2704302,2011,943110
2704302,2012,953393
2704302,2013,996733
2704302,2014,1005319
2704302,2015,1013773
2704302,2016,1021709
2704302,2017,1029129
2704302,2018,1012382
2704302,2019,1018948
2800308,2009,544039
2800308,2010,561801
2800308,2011,579563
2800308,2012,587701
2800308,2013,614577
2800308,2014,623766
2800308,2015,632744
2800308,2016,641523
2800308,2017,650106
2800308,2018,648939
2800308,2019,657013
2802908,2009,86564
2802908,2010,87156
2802908,2011,87747
2802908,2012,88501
2802908,2013,91873
2802908,2014,92732
2802908,2015,93572
2802908,2016,94393
2802908,2017,95196
2802908,2018,94696
2802908,2019,95427
2803500,2009,92474
2803500,2010,94110
2803500,2011,95746
2803500,2012,96602
2803500,2013,100330
2803500,2014,101305
2803500,2015,102257
2803500,2016,103188
2803500,2017,104099
2803500,2018,103576
2803500,2019,104408
2804805,2009,155334
2804805,2010,159190
2804805,2011,163047
2804805,2012,165194
2804805,2013,172547
2804805,2014,174974
2804805,2015,177344
2804805,2016,179661
2804805,2017,181928
2804805,2018,181503
2804805,2019,183628
2900702,2009,137810
2900702,2010,140340
2900702,2011,142870
2900702,2012,143460
2900702,2013,152570
2900702,2014,153560
2900702,2015,154495
2900702,2016,155362
2900702,2017,155979
2900702,2018,150832
2900702,2019,151596
2903201,2009,137832
2903201,2010,138558
2903201,2011,139285
2903201,2012,141081
2903201,2013,150896
2903201,2014,152208
2903201,2015,153918
2903201,2016,155519
2903201,2017,157638
2903201,2018,153831
2903201,2019,155439
2906501,2009,81699
2906501,2010,82674
2906501,2011,83648
2906501,2012,84121
2906501,2013,89419
2906501,2014,88308
2906501,2015,88806
2906501,2016,89271
2906501,2017,89707
2906501,2018,86677
2906501,2019,87076
2910800,2009,591707
2910800,2010,577086
2910800,2011,562466
2910800,2012,568099
2910800,2013,606139
2910800,2014,612000
2910800,2015,617528
2910800,2016,622639
2910800,2017,627477
2910800,2018,609913
2910800,2019,614872
2913606,2009,219266
2913606,2010,202534
2913606,2011,185801
2913606,2012,187315
2913606,2013,184616
2913606,2014,182350
2913606,2015,180213
2913606,2016,178210
2913606,2017,176341
2913606,2018,164844
2913606,2019,162327
2914802,2009,213656
2914802,2010,209471
2914802,2011,205286
2914802,2012,205885
2914802,2013,218124
2914802,2014,218925
2914802,2015,219680
2914802,2016,220386
2914802,2017,221046
2914802,2018,212740
2914802,2019,213223
2918407,2009,243896
2918407,2010,221828
2918407,2011,199761
2918407,2012,201499
2918407,2013,214748
2918407,2014,216588
2918407,2015,218324
2918407,2016,220253
2918407,2017,221773
2918407,2018,215183
2918407,2019,216707
2924009,2009,106703
2924009,2010,108006
2924009,2011,109310
2924009,2012,110193
2924009,2013,117377
2924009,2014,118323
2924009,2015,119214
2924009,2016,119930
2924009,2017,120706
2924009,2018,117014
2924009,2019,117782
2925303,2009,122896
2925303,2010,126110
2925303,2011,129325
2925303,2012,131642
2925303,2013,141006
2925303,2014,143282
2925303,2015,145431
2925303,2016,147444
2925303,2017,149324
2925303,2018,146625
2925303,2019,148686
2928604,2009,58387
2928604,2010,58139
2928604,2011,57891
2928604,2012,57978
2928604,2013,61407
2928604,2014,61559
2928604,2015,61702
2928604,2016,61836
2928604,2017,61961
2928604,2018,59512
2928604,2019,60069
2931350,2009,125430
2931350,2010,133070
2931350,2011,140710
2931350,2012,143001
2931350,2013,153385
2931350,2014,155659
2931350,2015,157804
2931350,2016,159813
2931350,2017,161690
2931350,2018,158445
2931350,2019,160487
2933307,2009,318901
2933307,2010,314515
2933307,2011,310129
2933307,2012,315884
2933307,2013,336987
2933307,2014,340199
2933307,2015,343230
2933307,2016,346069
2933307,2017,348718
2933307,2018,338885
2933307,2019,338480
3106705,2009,441748
3106705,2010,412660
3106705,2011,383571
3106705,2012,388873
3106705,2013,406474
3106705,2014,412003
3106705,2015,417307
3106705,2016,422354
3106705,2017,427146
3106705,2018,432575
3106705,2019,439340
3118601,2009,625393
3118601,2010,617054
3118601,2011,608715
3118601,2012,613815
3118601,2013,637961
3118601,2014,643476
3118601,2015,648766
3118601,2016,653800
3118601,2017,658580
3118601,2018,659070
3118601,2019,663855
3129806,2009,157438
3129806,2010,159190
3129806,2011,160943
3129806,2012,162867
3129806,2013,169908
3129806,2014,171932
3129806,2015,173873
3129806,2016,175721
3129806,2017,177475
3129806,2018,179015
3129806,2019,180204
3144805,2009,76608
3144805,2010,79440
3144805,2011,82273
3144805,2012,83507
3144805,2013,87391
3144805,2014,88672
3144805,2015,89900
3144805,2016,91069
3144805,2017,92178
3144805,2018,93577
3144805,2019,94889
3154606,2009,349307
3154606,2010,324518
3154606,2011,299729
3154606,2012,303029
3154606,2013,315819
3154606,2014,319310
3154606,2015,322659
3154606,2016,325846
3154606,2017,328871
3154606,2018,331045
3154606,2019,334858
3156700,2009,126195
3156700,2010,126646
3156700,2011,127097
3156700,2012,127897
3156700,2013,132636
3156700,2014,133528
3156700,2015,134382
3156700,2016,135196
3156700,2017,135968
3156700,2018,135421
3156700,2019,136344
3157807,2009,231607
3157807,2010,217967
3157807,2011,204327
3157807,2012,205666
3157807,2013,213345
3157807,2014,214830
3157807,2015,216254
3157807,2016,217610
3157807,2017,218897
3157807,2018,218147
3157807,2019,219134
3170206,2009,634345
3170206,2010,623124
3170206,2011,611904
3170206,2012,619536
3170206,2013,646673
3170206,2014,654681
3170206,2015,662362
3170206,2016,669672
3170206,2017,676613
3170206,2018,683247
3170206,2019,691305
3171204,2009,101846
3171204,2010,104266
3171204,2011,106685
3171204,2012,108771
3171204,2013,114365
3171204,2014,116506
3171204,2015,118557
3171204,2016,120510
3171204,2017,122365
3171204,2018,125376
3171204,2019,127601
3200607,2009,78658
3200607,2010,80905
3200607,2011,83152
3200607,2012,84429
3200607,2013,91562
3200607,2014,93325
3200607,2015,95056
3200607,2016,96746
3200607,2017,98393
3200607,2018,99305
3200607,2019,101220
3201209,2009,201259
3201209,2010,196150
3201209,2011,191042
3201209,2012,192156
3201209,2013,205213
3201209,2014,206973
3201209,2015,208702
3201209,2016,210325
3201209,2017,211649
3201209,2018,207324
3201209,2019,208972
3201308,2009,365859
3201308,2010,358237
3201308,2011,350615
3201308,2012,352431
3201308,2013,375974
3201308,2014,378915
3201308,2015,381802
3201308,2016,384621
3201308,2017,387368
3201308,2018,378603
3201308,2019,381285
3201506,2009,111365
3201506,2010,111898
3201506,2011,112432
3201506,2012,113054
3201506,2013,120677
3201506,2014,121670
3201506,2015,122646
3201506,2016,123598
3201506,2017,124525
3201506,2018,121580
3201506,2019,122499
3202405,2009,104534
3202405,2010,105558
3202405,2011,106583
3202405,2012,107836
3202405,2013,116278
3202405,2014,118056
3202405,2015,119802
3202405,2016,121506
3202405,2017,123166
3202405,2018,122982
3202405,2019,124859
3203205,2009,132664
3203205,2010,138086
3203205,2011,143509
3203205,2012,145639
3203205,2013,157814
3203205,2014,160765
3203205,2015,163662
3203205,2016,166491
3203205,2017,169048
3203205,2018,170364
3203205,2019,173555
3203908,2009,46354
3203908,2010,46308
3203908,2011,46263
3203908,2012,46487
3203908,2013,49564
3203908,2014,49932
3203908,2015,50294
3203908,2016,50647
3203908,2017,50991
3203908,2018,49780
3203908,2019,50110
3204906,2009,101613
3204906,2010,106034
3204906,2011,110454
3204906,2012,111832
3204906,2013,120725
3204906,2014,122668
3204906,2015,124575
3204906,2016,126437
3204906,2017,128449
3204906,2018,128542
3204906,2019,130611
3205002,2009,404688
3205002,2010,410358
3205002,2011,416029
3205002,2012,422569
3205002,2013,467318
3205002,2014,476428
3205002,2015,485376
3205002,2016,494109
3205002,2017,502618
3205002,2018,507598
3205002,2019,517510
3205069,2009,20028
3205069,2010,20402
3205069,2011,20776
3205069,2012,21094
3205069,2013,22873
3205069,2014,23313
3205069,2015,23744
3205069,2016,24165
3205069,2017,24575
3205069,2018,24800
3205069,2019,25277
3205101,2009,60829
3205101,2010,63358
3205101,2011,65888
3205101,2012,66745
3205101,2013,72115
3205101,2014,73318
3205101,2015,74499
3205101,2016,75652
3205101,2017,76776
3205101,2018,76954
3205101,2019,78239
3205200,2009,413548
3205200,2010,416701
3205200,2011,419854
3205200,2012,424948
3205200,2013,458489
3205200,2014,465690
3205200,2015,472762
3205200,2016,479664
3205200,2017,486388
3205200,2018,486208
3205200,2019,493838
3205309,2009,320156
3205309,2010,325341
3205309,2011,330526
3205309,2012,333162
3205309,2013,348268
3205309,2014,352104
3205309,2015,355875
3205309,2016,359555
3205309,2017,363140
3205309,2018,358267
3205309,2019,362097
3300704,2009,186004
3300704,2010,188396
3300704,2011,190787
3300704,2012,195197
3300704,2013,200380
3300704,2014,204486
3300704,2015,208451
3300704,2016,212289
3300704,2017,216030
3300704,2018,222528
3300704,2019,226525
3301702,2009,872762
3301702,2010,866960
3301702,2011,861158
3301702,2012,867067
3301702,2013,873921
3301702,2014,878402
3301702,2015,882729
3301702,2016,886917
3301702,2017,890997
3301702,2018,914383
3301702,2019,919596
3303302,2009,479384
3303302,2010,484552
3303302,2011,489720
3303302,2012,491807
3303302,2013,494200
3303302,2014,495470
3303302,2015,496696
3303302,2016,497883
3303302,2017,499028
3303302,2018,511786
3303302,2019,513584
3303500,2009,865089
3303500,2010,832068
3303500,2011,799047
3303500,2012,801746
3303500,2013,804815
3303500,2014,806177
3303500,2015,807492
3303500,2016,797435
3303500,2017,798647
3303500,2018,818875
3303500,2019,821128
3304904,2009,991382
3304904,2010,999724
3304904,2011,1008065
3304904,2012,1016128
3304904,2013,1025507
3304904,2014,1031903
3304904,2015,1038081
3304904,2016,1044058
3304904,2017,1049826
3304904,2018,1077687
3304904,2019,1084839
3305109,2009,469827
3305109,2010,464603
3305109,2011,459379
3305109,2012,460062
3305109,2013,460799
3305109,2014,460711
3305109,2015,460625
3305109,2016,460541
3305109,2017,460461
3305109,2018,471888
3305109,2019,472406
3306305,2009,261403
3306305,2010,260208
3306305,2011,259012
3306305,2012,260180
3306305,2013,261522
3306305,2014,262259
3306305,2015,262970
3306305,2016,263659
3306305,2017,265201
3306305,2018,271998
3306305,2019,273012
3500105,2009,34424
3500105,2010,34122
3500105,2011,33821
3500105,2012,33843
3500105,2013,34953
3500105,2014,35001
3500105,2015,35048
3500105,2016,35094
3500105,2017,35139
3500105,2018,35023
3500105,2019,35068
3501608,2009,205229
3501608,2010,209010
3501608,2011,212791
3501608,2012,214873
3501608,2013,224551
3501608,2014,226970
3501608,2015,229322
3501608,2016,231621
3501608,2017,233868
3501608,2018,237112
3501608,2019,239597
3502101,2009,56593
3502101,2010,55970
3502101,2011,55348
3502101,2012,55361
3502101,2013,57145
3502101,2014,57198
3502101,2015,57250
3502101,2016,57300
3502101,2017,57350
3502101,2018,57112
3502101,2019,57157
3503208,2009,200666
3503208,2010,205670
3503208,2011,210673
3503208,2012,212617
3503208,2013,222036
3503208,2014,224304
3503208,2015,226508
3503208,2016,228664
3503208,2017,230770
3503208,2018,233744
3503208,2019,236072
3503307,2009,114515
3503307,2010,117242
3503307,2011,119968
3503307,2012,121055
3503307,2013,126391
3503307,2014,127661
3503307,2015,128895
3503307,2016,130102
3503307,2017,131282
3503307,2018,132934
3503307,2019,134236
3505500,2009,113618
3505500,2010,113174
3505500,2011,112730
3505500,2012,113338
3505500,2013,117779
3505500,2014,118521
3505500,2015,119243
3505500,2016,119948
3505500,2017,120638
3505500,2018,121344
3505500,2019,122098
3505708,2009,270173
3505708,2010,256708
3505708,2011,243242
3505708,2012,245652
3505708,2013,256756
3505708,2014,259555
3505708,2015,262275
3505708,2016,264935
3505708,2017,267534
3505708,2018,271306
3505708,2019,274182
3505807,2009,21380
3505807,2010,20908
3505807,2011,20435
3505807,2012,20424
3505807,2013,21061
3505807,2014,21064
3505807,2015,21067
3505807,2016,21070
3505807,2017,21073
3505807,2018,20954
3505807,2019,20953
3505906,2009,56476
3505906,2010,56682
3505906,2011,56888
3505906,2012,57286
3505906,2013,59654
3505906,2014,60128
3505906,2015,60589
3505906,2016,61040
3505906,2017,61480
3505906,2018,62024
3505906,2019,62508
3506102,2009,77630
3506102,2010,76341
3506102,2011,75052
3506102,2012,75069
3506102,2013,77487
3506102,2014,77558
3506102,2015,77627
3506102,2016,77695
3506102,2017,77761
3506102,2018,77436
3506102,2019,77496
3509502,2009,1064669
3509502,2010,1077528
3509502,2011,1090386
3509502,2012,1098630
3509502,2013,1144862
3509502,2014,1154617
3509502,2015,1164098
3509502,2016,1173370
3509502,2017,1182429
3509502,2018,1194094
3509502,2019,1204073
3510203,2009,46338
3510203,2010,46237
3510203,2011,46136
3510203,2012,46095
3510203,2013,47510
3510203,2014,47498
3510203,2015,47486
3510203,2016,47475
3510203,2017,47463
3510203,2018,47159
3510203,2019,47138
3510401,2009,46331
3510401,2010,47726
3510401,2011,49122
3510401,2012,49650
3510401,2013,51949
3510401,2014,52559
3510401,2015,53152
3510401,2016,53731
3510401,2017,54298
3510401,2018,55141
3510401,2019,55768
3510609,2009,392701
3510609,2010,382102
3510609,2011,371502
3510609,2012,373358
3510609,2013,387788
3510609,2014,390073
3510609,2015,392294
3510609,2016,394465
3510609,2017,396587
3510609,2018,398611
3510609,2019,400927
3511102,2009,114812
3511102,2010,114084
3511102,2011,113356
3511102,2012,113873
3511102,2013,118209
3511102,2014,118853
3511102,2015,119480
3511102,2016,120092
3511102,2017,120691
3511102,2018,121210
3511102,2019,121862
3513009,2009,182045
3513009,2010,193600
3513009,2011,205154
3513009,2012,209027
3513009,2013,220941
3513009,2014,225306
3513009,2015,229548
3513009,2016,233696
3513009,2017,237750
3513009,2018,244694
3513009,2019,249210
3513405,2009,79957
3513405,2010,78634
3513405,2011,77312
3513405,2012,77575
3513405,2013,80408
3513405,2014,80749
3513405,2015,81082
3513405,2016,81406
3513405,2017,81724
3513405,2018,81895
3513405,2019,82238
3513504,2009,129582
3513504,2010,124551
3513504,2011,119520
3513504,2012,120293
3513504,2013,125178
3513504,2014,126105
3513504,2015,127006
3513504,2016,127887
3513504,2017,128748
3513504,2018,129760
3513504,2019,130705
3513801,2009,397738
3513801,2010,393157
3513801,2011,388576
3513801,2012,390980
3513801,2013,406718
3513801,2014,409613
3513801,2015,412428
3513801,2016,415180
3513801,2017,417869
3513801,2018,420934
3513801,2019,423884
3514403,2009,44309
3514403,2010,43890
3514403,2011,43470
3514403,2012,43675
3514403,2013,45346
3514403,2014,45600
3514403,2015,45847
3514403,2016,46088
3514403,2017,46324
3514403,2018,46536
3514403,2019,46793
3515004,2009,248722
3515004,2010,245726
3515004,2011,242730
3515004,2012,245148
3515004,2013,256247
3515004,2014,259053
3515004,2015,261781
3515004,2016,264448
3515004,2017,267054
3515004,2018,270843
3515004,2019,273726
3516200,2009,330938
3516200,2010,325975
3516200,2011,321012
3516200,2012,323307
3516200,2013,336734
3516200,2014,339461
3516200,2015,342112
3516200,2016,344704
3516200,2017,347237
3516200,2018,350400
3516200,2019,353187
3516309,2009,157294
3516309,2010,156679
3516309,2011,156064
3516309,2012,157603
3516309,2013,164718
3516309,2014,166505
3516309,2015,168243
3516309,2016,169942
3516309,2017,171602
3516309,2018,174008
3516309,2019,175844
3516705,2009,43380
3516705,2010,43246
3516705,2011,43112
3516705,2012,43108
3516705,2013,44479
3516705,2014,44506
3516705,2015,44532
3516705,2016,44557
3516705,2017,44582
3516705,2018,44370
3516705,2019,44390
3517406,2009,38676
3517406,2010,38148
3517406,2011,37619
3517406,2012,37826
3517406,2013,39314
3517406,2014,39567
3517406,2015,39813
3517406,2016,40053
3517406,2017,40287
3517406,2018,40533
3517406,2019,40790
3518404,2009,113357
3518404,2010,113016
3518404,2011,112675
3518404,2012,113258
3518404,2013,117663
3518404,2014,118378
3518404,2015,119073
3518404,2016,119753
3518404,2017,120417
3518404,2018,121073
3518404,2019,121798
3520442,2009,25144
3520442,2010,25145
3520442,2011,25146
3520442,2012,25226
3520442,2013,26138
3520442,2014,26242
3520442,2015,26344
3520442,2016,26443
3520442,2017,26540
3520442,2018,26582
3520442,2019,26686
3520509,2009,183803
3520509,2010,194806
3520509,2011,205808
3520509,2012,209859
3520509,2013,222042
3520509,2014,226602
3520509,2015,231033
3520509,2016,235367
3520509,2017,239602
3520509,2018,246908
3520509,2019,251627
3522307,2009,148808
3522307,2010,147315
3522307,2011,145822
3522307,2012,147219
3522307,2013,153810
3522307,2014,155436
3522307,2015,157016
3522307,2016,158561
3522307,2017,160070
3522307,2018,162231
3522307,2019,163901
3522406,2009,89768
3522406,2010,88948
3522406,2011,88129
3522406,2012,88491
3522406,2013,91807
3522406,2014,92265
3522406,2015,92710
3522406,2016,93145
3522406,2017,93570
3522406,2018,93892
3522406,2019,94354
3522505,2009,205881
3522505,2010,204796
3522505,2011,203712
3522505,2012,206558
3522505,2013,217005
3522505,2014,220250
3522505,2015,223404
3522505,2016,226488
3522505,2017,229502
3522505,2018,234352
3522505,2019,237700
3522703,2009,40411
3522703,2010,40320
3522703,2011,40228
3522703,2012,40399
3522703,2013,41920
3522703,2014,42135
3522703,2015,42343
3522703,2016,42547
3522703,2017,42747
3522703,2018,42903
3522703,2019,43120
3523909,2009,157384
3523909,2010,156486
3523909,2011,155589
3523909,2012,156983
3523909,2013,163882
3523909,2014,165511
3523909,2015,167095
3523909,2016,168643
3523909,2017,170157
3523909,2018,172268
3523909,2019,173939
3524402,2009,212824
3524402,2010,212784
3524402,2011,212744
3524402,2012,214223
3524402,2013,223064
3524402,2014,224826
3524402,2015,226539
3524402,2016,228214
3524402,2017,229851
3524402,2018,231863
3524402,2019,233662
3525904,2009,349929
3525904,2010,361821
3525904,2011,373713
3525904,2012,377183
3525904,2013,393920
3525904,2014,397965
3525904,2015,401896
3525904,2016,405740
3525904,2017,409497
3525904,2018,414810
3525904,2019,418962
3526704,2009,88995
3526704,2010,90798
3526704,2011,92601
3526704,2012,93417
3526704,2013,97505
3526704,2014,98460
3526704,2015,99388
3526704,2016,100296
3526704,2017,101184
3526704,2018,102412
3526704,2019,103391
3526902,2009,281583
3526902,2010,279838
3526902,2011,278093
3526902,2012,280096
3526902,2013,291748
3526902,2014,294128
3526902,2015,296440
3526902,2016,298701
3526902,2017,300911
3526902,2018,303682
3526902,2019,306114
3529302,2009,78222
3529302,2010,77698
3529302,2011,77173
3529302,2012,77546
3529302,2013,80528
3529302,2014,80990
3529302,2015,81439
3529302,2016,81878
3529302,2017,82307
3529302,2018,82702
3529302,2019,83170
3530607,2009,375268
3530607,2010,383732
3530607,2011,392196
3530607,2012,396468
3530607,2013,414907
3530607,2014,419839
3530607,2015,424633
3530607,2016,429321
3530607,2017,433901
3530607,2018,440769
3530607,2019,445842
3531100,2009,44087
3531100,2010,45620
3531100,2011,47153
3531100,2012,47984
3531100,2013,50641
3531100,2014,51580
3531100,2015,52492
3531100,2016,53384
3531100,2017,54257
3531100,2018,55731
3531100,2019,56702
3531308,2009,45895
3531308,2010,46385
3531308,2011,46875
3531308,2012,47100
3531308,2013,48907
3531308,2014,49186
3531308,2015,49456
3531308,2016,49721
3531308,2017,49979
3531308,2018,50216
3531308,2019,50498
3533908,2009,50602
3533908,2010,50467
3533908,2011,50332
3533908,2012,50630
3533908,2013,52650
3533908,2014,53010
3533908,2015,53360
3533908,2016,53702
3533908,2017,54037
3533908,2018,54406
3533908,2019,54772
3534401,2009,718646
3534401,2010,693236
3534401,2011,667826
3534401,2012,668877
3534401,2013,691652
3534401,2014,693271
3534401,2015,694844
3534401,2016,696382
3534401,2017,697886
3534401,2018,696850
3534401,2019,698418
3534708,2009,104542
3534708,2010,104140
3534708,2011,103739
3534708,2012,104420
3534708,2013,108674
3534708,2014,109489
3534708,2015,110282
3534708,2016,111056
3534708,2017,111813
3534708,2018,112711
3534708,2019,113542
3537404,2009,24777
3537404,2010,24867
3537404,2011,24957
3537404,2012,24953
3537404,2013,25742
3537404,2014,25755
3537404,2015,25767
3537404,2016,25779
3537404,2017,25790
3537404,2018,25660
3537404,2019,25669
3537602,2009,57686
3537602,2010,59049
3537602,2011,60412
3537602,2012,61030
3537602,2013,63815
3537602,2014,64531
3537602,2015,65226
3537602,2016,65907
3537602,2017,66572
3537602,2018,67548
3537602,2019,68284
3538006,2009,144613
3538006,2010,146609
3538006,2011,148605
3538006,2012,150162
3538006,2013,157062
3538006,2014,158864
3538006,2015,160614
3538006,2016,162327
3538006,2017,164000
3538006,2018,166475
3538006,2019,168328
3538709,2009,368843
3538709,2010,368066
3538709,2011,367290
3538709,2012,369919
3538709,2013,385287
3538709,2014,388412
3538709,2015,391449
3538709,2016,394419
3538709,2017,397322
3538709,2018,400949
3538709,2019,404142
3539301,2009,71470
3539301,2010,70976
3539301,2011,70482
3539301,2012,70869
3539301,2013,73656
3539301,2014,74128
3539301,2015,74587
3539301,2016,75035
3539301,2017,75474
3539301,2018,75930
3539301,2019,76409
3541000,2009,249551
3541000,2010,258429
3541000,2011,267307
3541000,2012,272390
3541000,2013,287967
3541000,2014,293695
3541000,2015,299261
3541000,2016,304705
3541000,2017,310024
3541000,2018,319146
3541000,2019,325073
3541307,2009,40891
3541307,2010,41182
3541307,2011,41474
3541307,2012,41624
3541307,2013,43155
3541307,2014,43348
3541307,2015,43535
3541307,2016,43718
3541307,2017,43897
3541307,2018,44006
3541307,2019,44200
3541406,2009,207725
3541406,2010,208375
3541406,2011,209025
3541406,2012,210393
3541406,2013,218960
3541406,2014,220599
3541406,2015,222192
3541406,2016,223749
3541406,2017,225271
3541406,2018,227072
3541406,2019,228743
3541505,2009,38439
3541505,2010,38196
3541505,2011,37954
3541505,2012,37996
3541505,2013,39265
3541505,2014,39337
3541505,2015,39407
3541505,2016,39476
3541505,2017,39544
3541505,2018,39448
3541505,2019,39516
3542206,2009,29149
3542206,2010,28978
3542206,2011,28807
3542206,2012,28809
3542206,2013,29732
3542206,2014,29755
3542206,2015,29778
3542206,2016,29799
3542206,2017,29821
3542206,2018,29688
3542206,2019,29707
3542602,2009,55168
3542602,2010,54734
3542602,2011,54301
3542602,2012,54338
3542602,2013,56123
3542602,2014,56203
3542602,2015,56280
3542602,2016,56356
3542602,2017,56430
3542602,2018,56249
3542602,2019,56322
3543402,2009,563107
3543402,2010,587724
3543402,2011,612340
3543402,2012,619746
3543402,2013,649556
3543402,2014,658059
3543402,2015,666323
3543402,2016,674405
3543402,2017,682302
3543402,2018,694534
3543402,2019,703293
3543907,2009,191886
3543907,2010,189762
3543907,2011,187638
3543907,2012,188977
3543907,2013,196821
3543907,2014,198413
3543907,2015,199961
3543907,2016,201473
3543907,2017,202952
3543907,2018,204797
3543907,2019,206424
3545209,2009,109948
3545209,2010,108206
3545209,2011,106465
3545209,2012,107382
3545209,2013,112052
3545209,2014,113127
3545209,2015,114171
3545209,2016,115193
3545209,2017,116191
3545209,2018,117561
3545209,2019,118663
3545803,2009,189573
3545803,2010,185172
3545803,2011,180772
3545803,2012,181509
3545803,2013,188302
3545803,2014,189233
3545803,2015,190139
3545803,2016,191024
3545803,2017,191889
3545803,2018,192536
3545803,2019,193475
3547304,2009,114321
3547304,2010,112872
3547304,2011,111422
3547304,2012,113945
3547304,2013,120998
3547304,2014,123825
3547304,2015,126574
3547304,2016,129261
3547304,2017,131887
3547304,2018,136517
3547304,2019,139447
3547809,2009,673396
3547809,2010,675941
3547809,2011,678486
3547809,2012,680496
3547809,2013,704942
3547809,2014,707613
3547809,2015,710210
3547809,2016,712749
3547809,2017,715231
3547809,2018,716109
3547809,2019,718773
3548500,2009,417098
3548500,2010,418304
3548500,2011,419509
3548500,2012,419614
3548500,2013,433153
3548500,2014,433565
3548500,2015,433966
3548500,2016,434359
3548500,2017,434742
3548500,2018,432957
3548500,2019,433311
3548708,2009,810979
3548708,2010,790616
3548708,2011,770253
3548708,2012,774886
3548708,2013,805895
3548708,2014,811489
3548708,2015,816925
3548708,2016,822242
3548708,2017,827437
3548708,2018,833240
3548708,2019,838936
3548906,2009,220463
3548906,2010,222318
3548906,2011,224173
3548906,2012,226322
3548906,2013,236457
3548906,2014,238958
3548906,2015,241389
3548906,2016,243765
3548906,2017,246088
3548906,2018,249415
3548906,2019,251983
3549805,2009,419632
3549805,2010,415854
3549805,2011,412076
3549805,2012,415769
3549805,2013,434039
3549805,2014,438354
3549805,2015,442548
3549805,2016,446649
3549805,2017,450657
3549805,2018,456245
3549805,2019,460671
3549904,2009,615871
3549904,2010,626374
3549904,2011,636876
3549904,2012,643603
3549904,2013,673255
3549904,2014,681036
3549904,2015,688597
3549904,2016,695992
3549904,2017,703219
3549904,2018,713943
3549904,2019,721944
3550100,2009,39696
3550100,2010,39088
3550100,2011,38480
3550100,2012,38614
3550100,2013,40027
3550100,2014,40200
3550100,2015,40367
3550100,2016,40532
3550100,2017,40692
3550100,2018,40781
3550100,2019,40954
3550308,2009,11037593
3550308,2010,11176856
3550308,2011,11316119
3550308,2012,11376685
3550308,2013,11821873
3550308,2014,11895893
3550308,2015,11967825
3550308,2016,12038175
3550308,2017,12106920
3550308,2018,12176866
3550308,2019,12252023
3551009,2009,330795
3551009,2010,332729
3551009,2011,334663
3551009,2012,336809
3551009,2013,350465
3551009,2014,353040
3551009,2015,355542
3551009,2016,357989
3551009,2017,360380
3551009,2018,363173
3551009,2019,365798
3551702,2009,110999
3551702,2010,111128
3551702,2011,111257
3551702,2012,112401
3551702,2013,117539
3551702,2014,118864
3551702,2015,120152
3551702,2016,121412
3551702,2017,122643
3551702,2018,124453
3551702,2019,125815
3552205,2009,584313
3552205,2010,589044
3552205,2011,593776
3552205,2012,600692
3552205,2013,629231
3552205,2014,637187
3552205,2015,644919
3552205,2016,652481
3552205,2017,659871
3552205,2018,671186
3552205,2019,679378
3552403,2009,241077
3552403,2010,242018
3552403,2011,242960
3552403,2012,246247
3552403,2013,258556
3552403,2014,262308
3552403,2015,265955
3552403,2016,269522
3552403,2017,273007
3552403,2018,278571
3552403,2019,282441
3552502,2009,284356
3552502,2010,274715
3552502,2011,265074
3552502,2012,267583
3552502,2013,279520
3552502,2014,282441
3552502,2015,285280
3552502,2016,288056
3552502,2017,290769
3552502,2018,294638
3552502,2019,297637
3552809,2009,227343
3552809,2010,237735
3552809,2011,248127
3552809,2012,251608
3552809,2013,264352
3552809,2014,268321
3552809,2015,272177
3552809,2016,275948
3552809,2017,279634
3552809,2018,285570
3552809,2019,289664
3554003,2009,109017
3554003,2010,108705
3554003,2011,108393
3554003,2012,109425
3554003,2013,114314
3554003,2014,115515
3554003,2015,116682
3554003,2016,117823
3554003,2017,118939
3554003,2018,120533
3554003,2019,121766
3555000,2009,64098
3555000,2010,63792
3555000,2011,63487
3555000,2012,63498
3555000,2013,65540
3555000,2014,65596
3555000,2015,65651
3555000,2016,65705
3555000,2017,65758
3555000,2018,65477
3555000,2019,65524
3556404,2009,39160
3556404,2010,39327
3556404,2011,39494
3556404,2012,39714
3556404,2013,41279
3556404,2014,41547
3556404,2015,41807
3556404,2016,42061
3556404,2017,42310
3556404,2018,42573
3556404,2019,42845
3557006,2009,105193
3557006,2010,107496
3557006,2011,109798
3557006,2012,110755
3557006,2013,115585
3557006,2014,116706
3557006,2015,117794
3557006,2016,118858
3557006,2017,119898
3557006,2018,121331
3557006,2019,122480
4101408,2009,121290
4101408,2010,121607
4101408,2011,121924
4101408,2012,122896
4101408,2013,128058
4101408,2014,129265
4101408,2015,130430
4101408,2016,131571
4101408,2017,132691
4101408,2018,133726
4101408,2019,134996
4101804,2009,117964
4101804,2010,119498
4101804,2011,121032
4101804,2012,122878
4101804,2013,129209
4101804,2014,131356
4101804,2015,133428
4101804,2016,135459
4101804,2017,137452
4101804,2018,141410
4101804,2019,143843
4104303,2009,85896
4104303,2010,86803
4104303,2011,87710
4104303,2012,88209
4104303,2013,91648
4104303,2014,92300
4104303,2015,92930
4104303,2016,93547
4104303,2017,94153
4104303,2018,94212
4104303,2019,94859
4104808,2009,296254
4104808,2010,292797
4104808,2011,289340
4104808,2012,292372
4104808,2013,305615
4104808,2014,309259
4104808,2015,312778
4104808,2016,316226
4104808,2017,319608
4104808,2018,324476
4104808,2019,328454
4105508,2009,68629
4105508,2010,69776
4105508,2011,70922
4105508,2012,71855
4105508,2013,75360
4105508,2014,76456
4105508,2015,77515
4105508,2016,78553
4105508,2017,79571
4105508,2018,81393
4105508,2019,82620
4106407,2009,48544
4106407,2010,47739
4106407,2011,46934
4106407,2012,46939
4106407,2013,48420
4106407,2014,48487
4106407,2015,48551
4106407,2016,48615
4106407,2017,48677
4106407,2018,47847
4106407,2019,47845
4106902,2009,1851215
4106902,2010,1807878
4106902,2011,1764541
4106902,2012,1776761
4106902,2013,1848946
4106902,2014,1864416
4106902,2015,1879355
4106902,2016,1893997
4106902,2017,1908359
4106902,2018,1917185
4106902,2019,1933105
4108304,2009,325137
4108304,2010,290518
4108304,2011,255900
4108304,2012,255718
4108304,2013,263508
4108304,2014,263647
4108304,2015,263782
4108304,2016,263915
4108304,2017,264044
4108304,2018,258823
4108304,2019,258532
4108403,2009,76311
4108403,2010,78080
4108403,2011,79850
4108403,2012,80727
4108403,2013,84437
4108403,2014,85486
4108403,2015,86499
4108403,2016,87491
4108403,2017,88465
4108403,2018,89942
4108403,2019,91093
4111803,2009,40582
4111803,2010,39832
4111803,2011,39083
4111803,2012,39045
4111803,2013,40221
4111803,2014,40232
4111803,2015,40243
4111803,2016,40253
4111803,2017,40263
4111803,2018,39435
4111803,2019,39378
4113700,2009,510707
4113700,2010,510993
4113700,2011,511279
4113700,2012,515707
4113700,2013,537566
4113700,2014,543003
4113700,2015,548249
4113700,2016,553393
4113700,2017,558439
4113700,2018,563943
4113700,2019,569733
4115200,2009,335511
4115200,2010,348920
4115200,2011,362329
4115200,2012,367410
4115200,2013,385753
4115200,2014,391698
4115200,2015,397437
4115200,2016,403063
4115200,2017,406693
4115200,2018,417010
4115200,2019,423666
4118402,2009,82716
4118402,2010,82378
4118402,2011,82039
4118402,2012,82472
4118402,2013,85643
4118402,2014,86218
4118402,2015,86773
4118402,2016,87316
4118402,2017,87850
4118402,2018,87813
4118402,2019,88374
4118501,2009,70160
4118501,2010,71654
4118501,2011,73148
4118501,2012,73901
4118501,2013,77230
4118501,2014,78136
4118501,2015,79011
4118501,2016,79869
4118501,2017,80710
4118501,2018,81893
4118501,2019,82881
4119905,2009,314681
4119905,2010,314600
4119905,2011,314518
4119905,2012,317339
4119905,2013,331084
4119905,2014,334535
4119905,2015,337865
4119905,2016,341130
4119905,2017,344332
4119905,2018,348043
4119905,2019,351736
4125506,2009,279297
4125506,2010,274052
4125506,2011,268808
4125506,2012,273255
4125506,2013,287792
4125506,2014,292934
4125506,2015,297895
4125506,2016,302759
4125506,2017,307530
4125506,2018,317476
4125506,2019,323340
4127700,2009,116774
4127700,2010,118854
4127700,2011,120934
4127700,2012,122502
4127700,2013,128448
4127700,2014,130295
4127700,2015,132077
4127700,2016,133824
4127700,2017,135538
4127700,2018,138572
4127700,2019,140635
4128104,2009,99606
4128104,2010,100524
4128104,2011,101443
4128104,2012,102184
4128104,2013,106387
4128104,2014,107319
4128104,2015,108218
4128104,2016,109132
4128104,2017,109955
4128104,2018,110590
4128104,2019,111557
4128203,2009,53466
4128203,2010,53262
4128203,2011,53059
4128203,2012,53372
4128203,2013,55467
4128203,2014,55874
4128203,2015,56265
4128203,2016,56650
4128203,2017,57027
4128203,2018,57111
4128203,2019,57517
4201406,2009,59537
4201406,2010,60677
4201406,2011,61817
4201406,2012,62308
4201406,2013,64405
4201406,2014,65090
4201406,2015,65769
4201406,2016,66442
4201406,2017,67110
4201406,2018,67578
4201406,2019,68228
4202404,2009,299416
4202404,2010,306026
4202404,2011,312635
4202404,2012,316139
4202404,2013,329082
4202404,2014,334002
4202404,2015,338876
4202404,2016,343715
4202404,2017,348513
4202404,2018,352460
4202404,2019,357199
4203006,2009,70720
4203006,2010,71027
4203006,2011,71334
4203006,2012,71886
4203006,2013,74276
4203006,2014,75048
4203006,2015,75812
4203006,2016,76571
4203006,2017,77323
4203006,2018,77863
4203006,2019,78595
4203204,2009,57793
4203204,2010,60880
4203204,2011,63967
4203204,2012,65520
4203204,2013,70068
4203204,2014,72261
4203204,2015,74434
4203204,2016,76592
4203204,2017,78731
4203204,2018,80834
4203204,2019,82989
4204202,2009,174187
4204202,2010,180262
4204202,2011,186337
4204202,2012,189052
4204202,2013,198188
4204202,2014,202009
4204202,2015,205795
4204202,2016,209553
4204202,2017,213279
4204202,2018,216654
4204202,2019,220367
4204608,2009,188557
4204608,2010,191273
4204608,2011,193989
4204608,2012,195614
4204608,2013,202395
4204608,2014,204667
4204608,2015,206918
4204608,2016,209153
4204608,2017,211369
4204608,2018,213023
4204608,2019,215186
4205407,2009,408161
4205407,2010,417730
4205407,2011,427298
4205407,2012,433158
4205407,2013,453285
4205407,2014,461524
4205407,2015,469690
4205407,2016,477798
4205407,2017,485838
4205407,2018,492977
4205407,2019,500973
4208203,2009,172081
4208203,2010,179104
4208203,2011,186127
4208203,2012,188791
4208203,2013,197809
4208203,2014,201557
4208203,2015,205271
4208203,2016,208958
4208203,2017,212615
4208203,2018,215895
4208203,2019,219536
4208906,2009,139017
4208906,2010,142400
4208906,2011,145782
4208906,2012,148353
4208906,2013,156519
4208906,2014,160143
4208906,2015,163735
4208906,2016,167300
4208906,2017,170835
4208906,2018,174158
4208906,2019,177697
4209300,2009,167805
4209300,2010,162235
4209300,2011,156665
4209300,2012,156604
4209300,2013,158961
4209300,2014,158846
4209300,2015,158732
4209300,2016,158620
4209300,2017,158508
4209300,2018,157743
4209300,2019,157544
4216602,2009,201746
4216602,2010,207166
4216602,2011,212587
4216602,2012,215278
4216602,2013,224779
4216602,2014,228561
4216602,2015,232309
4216602,2016,236029
4216602,2017,239718
4216602,2018,242927
4216602,2019,246586
4218707,2009,96529
4218707,2010,97181
4218707,2011,97833
4218707,2012,98412
4218707,2013,101284
4218707,2014,102087
4218707,2015,102883
4218707,2016,103674
4218707,2017,104457
4218707,2018,104937
4218707,2019,105686
4300604,2009,213894
4300604,2010,205233
4300604,2011,196572
4300604,2012,197441
4300604,2013,204750
4300604,2014,205683
4300604,2015,206561
4300604,2016,207392
4300604,2017,208177
4300604,2018,209213
4300604,2019,210305
4301602,2009,115745
4301602,2010,116344
4301602,2011,116944
4301602,2012,117090
4301602,2013,121235
4301602,2014,121500
4301602,2015,121749
4301602,2016,121986
4301602,2017,122209
4301602,2018,120943
4301602,2019,121143
4302808,2009,33060
4302808,2010,33338
4302808,2011,33617
4302808,2012,33547
4302808,2013,34676
4302808,2014,34665
4302808,2015,34654
4302808,2016,34644
4302808,2017,34634
4302808,2018,33702
4302808,2019,33624
4305108,2009,410166
4305108,2010,425749
4305108,2011,441332
4305108,2012,446911
4305108,2013,465304
4305108,2014,470223
4305108,2015,474853
4305108,2016,479236
4305108,2017,483377
4305108,2018,504069
4305108,2019,510906
4309209,2009,269446
4309209,2010,263437
4309209,2011,257428
4309209,2012,259138
4309209,2013,269022
4309209,2014,270689
4309209,2015,272257
4309209,2016,273742
4309209,2017,275146
4309209,2018,279398
4309209,2019,281519
4310207,2009,79719
4310207,2010,79440
4310207,2011,79160
4310207,2012,79396
4310207,2013,82276
4310207,2014,82563
4310207,2015,82833
4310207,2016,83089
4310207,2017,83330
4310207,2018,83173
4310207,2019,83475
4313409,2009,257746
4313409,2010,248448
4313409,2011,239151
4313409,2012,239355
4313409,2013,247781
4313409,2014,248251
4313409,2015,248694
4313409,2016,249113
4313409,2017,249508
4313409,2018,246452
4313409,2019,246748
4314100,2009,187507
4314100,2010,186795
4314100,2011,186083
4314100,2012,187298
4314100,2013,194432
4314100,2014,195620
4314100,2015,196739
4314100,2016,197798
4314100,2017,198799
4314100,2018,201767
4314100,2019,203275
4314407,2009,345181
4314407,2010,337023
4314407,2011,328865
4314407,2012,329435
4314407,2013,341180
4314407,2014,342053
4314407,2015,342873
4314407,2016,343651
4314407,2017,344385
4314407,2018,341648
4314407,2019,342405
4314902,2009,1436123
4314902,2010,1424608
4314902,2011,1413094
4314902,2012,1416714
4314902,2013,1467816
4314902,2014,1472482
4314902,2015,1476867
4314902,2016,1481019
4314902,2017,1484941
4314902,2018,1479101
4314902,2019,1483771
4316907,2009,268969
4316907,2010,265669
4316907,2011,262369
4316907,2012,263662
4316907,2013,273489
4316907,2014,274838
4316907,2015,276108
4316907,2016,277309
4316907,2017,278445
4316907,2018,280505
4316907,2019,282123
4318705,2009,211663
4318705,2010,213664
4318705,2011,215664
4318705,2012,217189
4318705,2013,225520
4318705,2014,226988
4318705,2015,228370
4318705,2016,229678
4318705,2017,230914
4318705,2018,234947
4318705,2019,236835
5001102,2009,46515
5001102,2010,46148
5001102,2011,45781
5001102,2012,45943
5001102,2013,46830
5001102,2014,46998
5001102,2015,47162
5001102,2016,47323
5001102,2017,47482
5001102,2018,47784
5001102,2019,47871
5002704,2009,755107
5002704,2010,775680
5002704,2011,796252
5002704,2012,805397
5002704,2013,832352
5002704,2014,843120
5002704,2015,853622
5002704,2016,863982
5002704,2017,874210
5002704,2018,885711
5002704,2019,895982
5003207,2009,99467
5003207,2010,101892
5003207,2011,104318
5003207,2012,104912
5003207,2013,107347
5003207,2014,108010
5003207,2015,108656
5003207,2016,109294
5003207,2017,109899
5003207,2018,110806
5003207,2019,111435
5003306,2009,32933
5003306,2010,32596
5003306,2011,32259
5003306,2012,32355
5003306,2013,32948
5003306,2014,33045
5003306,2015,33139
5003306,2016,33231
5003306,2017,33323
5003306,2018,33516
5003306,2019,33543
5003702,2009,189762
5003702,2010,194092
5003702,2011,198422
5003702,2012,200729
5003702,2013,207498
5003702,2014,210218
5003702,2015,212870
5003702,2016,215486
5003702,2017,218069
5003702,2018,220965
5003702,2019,222949
5003801,2009,19332
5003801,2010,19181
5003801,2011,19030
5003801,2012,19024
5003801,2013,19260
5003801,2014,19240
5003801,2015,19220
5003801,2016,19200
5003801,2017,19181
5003801,2018,19234
5003801,2019,19189
5005004,2009,24174
5005004,2010,24330
5005004,2011,24485
5005004,2012,24619
5005004,2013,25180
5005004,2014,25328
5005004,2015,25473
5005004,2016,25617
5005004,2017,25758
5005004,2018,25967
5005004,2019,26097
5005707,2009,45627
5005707,2010,46400
5005707,2011,47174
5005707,2012,47899
5005707,2013,49827
5005707,2014,50692
5005707,2015,51535
5005707,2016,52367
5005707,2017,53188
5005707,2018,54051
5005707,2019,54878
5006200,2009,45916
5006200,2010,46142
5006200,2011,46369
5006200,2012,47126
5006200,2013,49104
5006200,2014,50010
5006200,2015,50893
5006200,2016,51764
5006200,2017,52625
5006200,2018,53517
5006200,2019,54374
5006309,2009,40259
5006309,2010,40294
5006309,2011,40330
5006309,2012,40462
5006309,2013,41227
5006309,2014,41363
5006309,2015,41495
5006309,2016,41626
5006309,2017,41755
5006309,2018,42010
5006309,2019,42148
5006606,2009,75941
5006606,2010,77558
5006606,2011,79174
5006606,2012,80433
5006606,2013,83747
5006606,2014,85251
5006606,2015,86717
5006606,2016,88164
5006606,2017,89592
5006606,2018,91082
5006606,2019,92526
5008305,2009,89493
5008305,2010,96514
5008305,2011,103536
5008305,2012,105224
5008305,2013,109633
5008305,2014,111652
5008305,2015,113619
5008305,2016,115561
5008305,2017,117477
5008305,2018,119465
5008305,2019,121388
5101803,2009,55120
5101803,2010,56012
5101803,2011,56903
5101803,2012,57235
5101803,2013,57791
5101803,2014,58099
5101803,2015,58398
5101803,2016,58690
5101803,2017,58974
5101803,2018,60661
5101803,2019,61012
5102504,2009,87261
5102504,2010,87844
5102504,2011,88428
5102504,2012,88897
5102504,2013,89683
5102504,2014,90106
5102504,2015,90518
5102504,2016,90881
5102504,2017,91271
5102504,2018,93882
5102504,2019,94376
5103403,2009,550562
5103403,2010,553430
5103403,2011,556299
5103403,2012,561329
5103403,2013,569830
5103403,2014,575480
5103403,2015,580489
5103403,2016,585367
5103403,2017,590118
5103403,2018,607153
5103403,2019,612547
5107602,2009,181902
5107602,2010,190426
5107602,2011,198950
5107602,2012,202309
5107602,2013,208019
5107602,2014,211718
5107602,2015,215320
5107602,2016,218899
5107602,2017,222316
5107602,2018,228857
5107602,2019,232491
5107958,2009,81960
5107958,2010,83640
5107958,2011,85319
5107958,2012,87145
5107958,2013,90252
5107958,2014,92298
5107958,2015,94289
5107958,2016,96932
5107958,2017,98828
5107958,2018,101764
5107958,2019,103750
5108402,2009,240038
5108402,2010,247744
5108402,2011,255449
5108402,2012,258208
5108402,2013,262880
5108402,2014,265775
5108402,2015,268594
5108402,2016,271339
5108402,2017,274013
5108402,2018,282009
5108402,2019,284971
5200258,2009,143179
5200258,2010,153337
5200258,2011,163495
5200258,2012,167477
5200258,2013,177890
5200258,2014,182526
5200258,2015,187072
5200258,2016,191499
5200258,2017,195810
5200258,2018,207070
5200258,2019,212440
5201108,2009,335960
5201108,2010,337252
5201108,2011,338545
5201108,2012,342347
5201108,2013,357402
5201108,2014,361991
5201108,2015,366491
5201108,2016,370875
5201108,2017,375142
5201108,2018,381970
5201108,2019,386923
5201405,2009,510770
5201405,2010,487932
5201405,2011,465093
5201405,2012,474219
5201405,2013,500619
5201405,2014,511323
5201405,2015,521910
5201405,2016,532135
5201405,2017,542090
5201405,2018,565957
5201405,2019,578179
5204508,2009,67588
5204508,2010,69830
5204508,2011,72071
5204508,2012,73616
5204508,2013,77899
5204508,2014,79705
5204508,2015,81477
5204508,2016,83220
5204508,2017,84900
5204508,2018,89087
5204508,2019,91162
5205109,2009,81109
5205109,2010,84732
5205109,2011,88354
5205109,2012,90004
5205109,2013,94896
5205109,2014,96836
5205109,2015,98737
5205109,2016,100590
5205109,2017,102393
5205109,2018,106618
5205109,2019,108823
5208004,2009,96284
5208004,2010,99008
5208004,2011,101731
5208004,2012,103322
5208004,2013,108503
5208004,2014,110388
5208004,2015,112236
5208004,2016,114036
5208004,2017,115789
5208004,2018,119506
5208004,2019,121617
5208608,2009,56839
5208608,2010,58593
5208608,2011,60347
5208608,2012,61118
5208608,2013,63938
5208608,2014,64861
5208608,2015,65767
5208608,2016,66649
5208608,2017,67507
5208608,2018,69072
5208608,2019,70084
5208707,2009,1281975
5208707,2010,1300062
5208707,2011,1318149
5208707,2012,1333767
5208707,2013,1393575
5208707,2014,1412364
5208707,2015,1430697
5208707,2016,1448639
5208707,2017,1466105
5208707,2018,1495705
5208707,2019,1516113
5211503,2009,92832
5211503,2010,93298
5211503,2011,93763
5211503,2012,94613
5211503,2013,98484
5211503,2014,99526
5211503,2015,100548
5211503,2016,101544
5211503,2017,102513
5211503,2018,103652
5211503,2019,104742
5212501,2009,210064
5212501,2010,193582
5212501,2011,177099
5212501,2012,179582
5212501,2013,188181
5212501,2014,191139
5212501,2015,194039
5212501,2016,196864
5212501,2017,199615
5212501,2018,205023
5212501,2019,208299
5213103,2009,48329
5213103,2010,51166
5213103,2011,54003
5213103,2012,55036
5213103,2013,58062
5213103,2014,59275
5213103,2015,60464
5213103,2016,61623
5213103,2017,62750
5213103,2018,65420
5213103,2019,66801
5215231,2009,88835
5215231,2010,92719
5215231,2011,96603
5215231,2012,98135
5215231,2013,103085
5215231,2014,104899
5215231,2015,106677
5215231,2016,108410
5215231,2017,110096
5215231,2018,113679
5215231,2019,115711
5218003,2009,40469
5218003,2010,41518
5218003,2011,42568
5218003,2012,42773
5218003,2013,44265
5218003,2014,44534
5218003,2015,44798
5218003,2016,45055
5218003,2017,45305
5218003,2018,45151
5218003,2019,45394
5220454,2009,77511
5220454,2010,82180
5220454,2011,86849
5220454,2012,89176
5220454,2013,95018
5220454,2014,97719
5220454,2015,100367
5220454,2016,102947
5220454,2017,105459
5220454,2018,112224
5220454,2019,115371
5221403,2009,104979
5221403,2010,105618
5221403,2011,106256
5221403,2012,107966
5221403,2013,113447
5221403,2014,115470
5221403,2015,117454
5221403,2016,119385
5221403,2017,121266
5221403,2018,125328
5221403,2019,127599
5221858,2009,123444
5221858,2010,129676
5221858,2011,135909
5221858,2012,138740
5221858,2013,146694
5221858,2014,150005
5221858,2015,153255
5221858,2016,156419
5221858,2017,159500
5221858,2018,164723
5221858,2019,168468
5300108,2009,2606885
5300108,2010,2608442
5300108,2011,2609998
5300108,2012,2648532
5300108,2013,2789761
5300108,2014,2852372
5300108,2015,2914830
5300108,2016,2977216
5300108,2017,3039444
5300108,2018,2974703
5300108,2019,3015268
